id,firstName,lastName,position,team,conference,jersey,year
5293692,BJ,Alleyne,WR,Army Black Knights,AAC,22,2
5219436,Brady,Anderson,WR,Army Black Knights,AAC,84,3
5390386,Mark,Andrzejewski,WR,Army Black Knights,AAC,45,1
5390368,Elijah,Bechtel,RB,Army Black Knights,AAC,29,1
5150311,Lloyd,Benson III,WR,Army Black Knights,AAC,23,4
5390387,Jackson,Blanchard,TE,Army Black Knights,AAC,47,1
5390406,Ronan,Boyle,TE,Army Black Knights,AAC,88,1
5219468,Tex,Brannan,TE,Army Black Knights,AAC,86,3
5293698,Stroman,Bridges,WR,Army Black Knights,AAC,25,2
5293707,Adam,Buffington,WR,Army Black Knights,AAC,19,2
5390362,Aiden,Burgy,WR,Army Black Knights,AAC,18,1
5390370,Joe,Callerame,RB,Army Black Knights,AAC,31,1
5390346,Christian,Cherilus,WR,Army Black Knights,AAC,3,1
5150312,David,Clerk,WR,Army Black Knights,AAC,26,4
5293738,Charlie,Daly,WR,Army Black Knights,AAC,40,2
5390348,Noah,Dolbin,WR,Army Black Knights,AAC,5,1
5150338,Brian,Dyer,TE,Army Black Knights,AAC,80,4
5293729,Kofi,Eduful,WR,Army Black Knights,AAC,81,2
5390351,Santiago,Fernandez,QB,Army Black Knights,AAC,9,1
5219426,Brennan,Fisher,RB,Army Black Knights,AAC,30,3
5211750,Stratton,Fuller,WR,Army Black Knights,AAC,43,2
150156,David,Green,WR,Army Black Knights,AAC,29,1
5293737,Josh,Greer,TE,Army Black Knights,AAC,49,2
5390381,Chevas,Gregory,RB,Army Black Knights,AAC,39,1
5390357,Andrew,Heidel,QB,Army Black Knights,AAC,15,1
5150297,Cale,Hellums,QB,Army Black Knights,AAC,3,4
5150316,Samari,Howard,WR,Army Black Knights,AAC,27,4
5293735,Jakiel,Kendricks,WR,Army Black Knights,AAC,14,2
5219417,Tim,Kloska,RB,Army Black Knights,AAC,20,3
5219475,Chace,Knox,WR,Army Black Knights,AAC,5,3
5390355,Jackson,Kreutzer,WR,Army Black Knights,AAC,13,1
5390378,Isaiah,Linyear,RB,Army Black Knights,AAC,38,1
5293684,Bryson,Luter,QB,Army Black Knights,AAC,6,2
5390377,Gavin,Madigan,RB,Army Black Knights,AAC,37,1
5293741,Andrew,Astone,P,Army Black Knights,AAC,93,2
5295638,Cole,Bowers,K,Army Black Knights,AAC,17,1
5219474,Matthew,Faulk,P,Army Black Knights,AAC,98,3
5390359,Ryker,Floyd,P,Army Black Knights,AAC,16,1
5293742,Luca,Guerra,K,Army Black Knights,AAC,96,2
5390375,Grant,Horvath,P,Army Black Knights,AAC,36,1
5219463,Bryson,Hosea,K,Army Black Knights,AAC,90,3
5219473,Jake,Hulstein,K,Army Black Knights,AAC,97,3
5219470,Dawson,Jones,K,Army Black Knights,AAC,95,3
5390358,Alex,Krishan,K,Army Black Knights,AAC,15,1
5148741,Khamani,Alexander,RB,Charlotte 49ers,AAC,5,2
5153730,Jaden,Barnes,WR,Charlotte 49ers,AAC,1,4
5220007,Tank,Boston,WR,Charlotte 49ers,AAC,4,2
5212700,Jariel,Cobb,RB,Charlotte 49ers,AAC,24,2
5226267,Zyheem,Collick,WR,Charlotte 49ers,AAC,8,2
5302734,Brody,Dawyot,TE,Charlotte 49ers,AAC,19,1
5382265,Malachi,Drayton,RB,Charlotte 49ers,AAC,27,1
5228760,Derrick,Eley,WR,Charlotte 49ers,AAC,89,2
5219479,Seth,Franklin,WR,Charlotte 49ers,AAC,18,3
5382279,Shelden,Golliday,WR,Charlotte 49ers,AAC,82,1
5089540,Cole,Gonzales,QB,Charlotte 49ers,AAC,9,4
5156879,Jaylen,Hampton,WR,Charlotte 49ers,AAC,2,2
4801306,Conner,Harrell,QB,Charlotte 49ers,AAC,15,4
5216676,Jeremiah,Hoffman,WR,Charlotte 49ers,AAC,80,1
4870747,Adam,Hopkins IV,WR,Charlotte 49ers,AAC,14,3
5293893,KD,Hunter-Gibson,WR,Charlotte 49ers,AAC,11,4
5151037,Jason,Jeffares,TE,Charlotte 49ers,AAC,85,3
5228652,Grant,Laskey,TE,Charlotte 49ers,AAC,83,2
4915837,Grayson,Loftis,QB,Charlotte 49ers,AAC,12,3
5382269,Sean,Manuel,WR,Charlotte 49ers,AAC,38,1
4606685,Logan,Mauldin,TE,Charlotte 49ers,AAC,3,4
4708099,Gus,McGee,TE,Charlotte 49ers,AAC,17,4
5293896,Luke,McNulty,QB,Charlotte 49ers,AAC,16,1
5382271,Chris,Najm,RB,Charlotte 49ers,AAC,41,1
5326883,Donte,Nicholson,WR,Charlotte 49ers,AAC,20,1
4880358,Cam,Pedro,WR,Charlotte 49ers,AAC,0,4
5295750,D'Mariun,Perteet,RB,Charlotte 49ers,AAC,6,3
5228653,Brady,Rhoads,TE,Charlotte 49ers,AAC,81,2
4879655,Henry,Rutledge,RB,Charlotte 49ers,AAC,21,4
5302733,Caleb,Tucker,WR,Charlotte 49ers,AAC,13,1
5138656,Lane,Wadle,TE,Charlotte 49ers,AAC,88,3
5220006,Charlie,Birtwistle,K,Charlotte 49ers,AAC,99,2
5293889,Aiden,Bui,K,Charlotte 49ers,AAC,84,1
5293895,Ian,Kelly,P,Charlotte 49ers,AAC,44,1
5151047,Bronson,Long,P,Charlotte 49ers,AAC,95,4
4685237,Michael,Allen,RB,East Carolina Pirates,AAC,21,4
5261753,Michael,Beatty,RB,East Carolina Pirates,AAC,22,3
5160081,Mason,Brown,TE,East Carolina Pirates,AAC,45,4
5291709,Trey,Burke,QB,East Carolina Pirates,AAC,13,1
5084705,Trenton,Cloud,WR,East Carolina Pirates,AAC,87,3
5196644,Stephen,Collier,TE,East Carolina Pirates,AAC,85,2
5226083,Jason,Dickerson,WR,East Carolina Pirates,AAC,24,3
5079419,TJ,Engleman Jr.,RB,East Carolina Pirates,AAC,4,3
5226082,DaMari,Gantt,RB,East Carolina Pirates,AAC,26,3
5194306,Ashton,Gray,RB,East Carolina Pirates,AAC,3,3
4433829,Mitch,Griffis,QB,East Carolina Pirates,AAC,12,4
5153369,Ja'Keith,Hamilton,WR,East Carolina Pirates,AAC,15,4
4911906,Kanen,Hamlett,TE,East Carolina Pirates,AAC,6,4
5258470,Cole,Hodge,QB,East Carolina Pirates,AAC,7,2
5166911,Connor,Hodge,WR,East Carolina Pirates,AAC,84,2
5382341,Jacob,Holland,TE,East Carolina Pirates,AAC,89,1
5226090,Ty,Johnson,WR,East Carolina Pirates,AAC,80,3
4869324,Tyler,Johnson,WR,East Carolina Pirates,AAC,2,4
5293902,DeJuan,Lacy,RB,East Carolina Pirates,AAC,5,3
5148837,Dillon,Lorick,WR,East Carolina Pirates,AAC,14,3
5331728,Meliq,Mcgowan,RB,East Carolina Pirates,AAC,23,1
5145453,Jeremiah,Melvin,WR,East Carolina Pirates,AAC,11,3
5293915,Kaleb,Morrow,TE,East Carolina Pirates,AAC,86,2
4430798,Kyler,Pearson,WR,East Carolina Pirates,AAC,0,4
4870951,Jaquaize,Pettaway,WR,East Carolina Pirates,AAC,19,4
5382334,Daulton,Phalines,QB,East Carolina Pirates,AAC,11,1
5159027,Dawson,Quarterman,WR,East Carolina Pirates,AAC,88,1
4870770,Ray,Ray Joseph Jr.,WR,East Carolina Pirates,AAC,1,4
5081157,Gage,Reale,TE,East Carolina Pirates,AAC,82,4
5082102,Andrew,Conrad,K,East Carolina Pirates,AAC,95,4
5155298,Elliot,Huether,P,East Carolina Pirates,AAC,83,4
5226085,Tomas,O'Halloran,P,East Carolina Pirates,AAC,48,3
5089443,Noah,Perez,K,East Carolina Pirates,AAC,43,4
4429093,Quincy,Brown,WR,Florida Atlantic Owls,AAC,4,4
5236363,Mykel,Calixte,WR,Florida Atlantic Owls,AAC,83,1
5164633,Jade,Card,WR,Florida Atlantic Owls,AAC,14,1
5079390,Martavious,Collins,TE,Florida Atlantic Owls,AAC,13,1
5219683,Jett,Coolman,WR,Florida Atlantic Owls,AAC,88,4
5215500,Ethan,Ervin,RB,Florida Atlantic Owls,AAC,21,1
4568336,Zach,Gibson,QB,Florida Atlantic Owls,AAC,7,4
5295328,Chase,Hanning,WR,Florida Atlantic Owls,AAC,26,3
5151828,Joshua,Harriott,RB,Florida Atlantic Owls,AAC,20,2
4917048,Dominique,Henry,WR,Florida Atlantic Owls,AAC,9,3
5215467,Branden,Hoch,WR,Florida Atlantic Owls,AAC,19,1
5097365,Michael,Kirch,TE,Florida Atlantic Owls,AAC,89,4
5307117,Billy,Lyons,TE,Florida Atlantic Owls,AAC,86,1
5215248,Jordan,Magwood,QB,Florida Atlantic Owls,AAC,17,1
4914830,Easton,Messer,WR,Florida Atlantic Owls,AAC,8,3
4918107,Reid,Mikeska,TE,Florida Atlantic Owls,AAC,6,2
5219682,Devarius,Mitchell,WR,Florida Atlantic Owls,AAC,11,4
5146725,Kaden,Shields-Dutton,RB,Florida Atlantic Owls,AAC,28,2
5295331,Darius,Smith,RB,Florida Atlantic Owls,AAC,36,2
4950560,Xavier,Terrell,RB,Florida Atlantic Owls,AAC,25,2
5219668,Michael,Valentino,QB,Florida Atlantic Owls,AAC,15,1
4869991,Caden,Veltkamp,QB,Florida Atlantic Owls,AAC,10,3
4954456,Kasen,Weisman,QB,Florida Atlantic Owls,AAC,12,2
4896391,JR,Wilson Jr.,WR,Florida Atlantic Owls,AAC,2,4
5219678,Joseph,Young,WR,Florida Atlantic Owls,AAC,80,3
5216405,Tamez,Young,TE,Florida Atlantic Owls,AAC,87,1
5227383,Alex,Grace,P,Florida Atlantic Owls,AAC,24,1
4575523,Logan,Lupo,P,Florida Atlantic Owls,AAC,19,4
5218910,Andrew,Nelms,K,Florida Atlantic Owls,AAC,42,2
4875584,Garrison,Smith,K,Florida Atlantic Owls,AAC,37,4
4605477,Alante,Brown,WR,Memphis Tigers,AAC,17,4
5079354,Stonka,Burnside,WR,Memphis Tigers,AAC,5,2
5222671,Jaylin,Carter,RB,Memphis Tigers,AAC,6,2
4685290,Tychaun,Chapman,WR,Memphis Tigers,AAC,1,4
4922983,Manny,Covey,RB,Memphis Tigers,AAC,28,3
5294438,Jemyri,Davis,WR,Memphis Tigers,AAC,13,3
5191048,Bryce,Dorsey,WR,Memphis Tigers,AAC,8,2
5282157,Garrett,Essner,TE,Memphis Tigers,AAC,87,1
5178086,Denzel,Gardner,QB,Memphis Tigers,AAC,9,1
5215626,Jonathan,Harding,TE,Memphis Tigers,AAC,86,1
4698727,Dallan,Hayden,RB,Memphis Tigers,AAC,7,4
5264658,Jermane,Hayes,WR,Memphis Tigers,AAC,11,2
5295370,Jamar,Jenkins,WR,Memphis Tigers,AAC,85,1
5290446,Zechariah,Jenkins,WR,Memphis Tigers,AAC,21,1
4921111,TJ,Johnson,TE,Memphis Tigers,AAC,10,3
5382933,Joshua,Joseph,WR,Memphis Tigers,AAC,80,1
5148995,Brady,Kluse,WR,Memphis Tigers,AAC,12,3
5310311,Isaiah,McGill,RB,Memphis Tigers,AAC,30,1
5079548,Air,Noland,QB,Memphis Tigers,AAC,3,2
5229953,Aidan,O'Callaghan,TE,Memphis Tigers,AAC,14,2
5212633,Gavin,Owens,QB,Memphis Tigers,AAC,15,1
5274373,Eric,Perry,RB,Memphis Tigers,AAC,22,1
5276956,Marshall,Smith Jr.,TE,Memphis Tigers,AAC,81,1
5219159,Justice,Spann,WR,Memphis Tigers,AAC,82,2
5165807,Marcus,Stokes,QB,Memphis Tigers,AAC,2,3
5303254,Jaylin,Taylor,WR,Memphis Tigers,AAC,19,1
4892983,Terrell,Timmons Jr.,WR,Memphis Tigers,AAC,4,4
5220352,Hunter,Tipton,TE,Memphis Tigers,AAC,0,4
5295362,Grant,Troutman,QB,Memphis Tigers,AAC,16,1
5155164,Tarik,Ahmetbasic,K,Memphis Tigers,AAC,40,3
5220456,Oliver,Castaneda,K,Memphis Tigers,AAC,33,2
5265058,Philippe,Laforge,K,Memphis Tigers,AAC,80,2
5295640,Jake,Snyder,P,Memphis Tigers,AAC,32,1
5220478,Prosper,Akanna,WR,Navy Midshipmen,AAC,20,3
5211746,Merrick,Barlow,TE,Navy Midshipmen,AAC,49,2
5220469,Michael,Barrow,WR,Navy Midshipmen,AAC,26,3
5295377,Ryan,Brass,QB,Navy Midshipmen,AAC,10,2
5158374,Isaiah,Bryant,WR,Navy Midshipmen,AAC,25,4
5158368,Noah,Bull,WR,Navy Midshipmen,AAC,0,4
5220480,Andersen,Cardoza,WR,Navy Midshipmen,AAC,18,3
5295374,Jeremiah,Chalmers,WR,Navy Midshipmen,AAC,22,2
5295394,Akeem,Clark,WR,Navy Midshipmen,AAC,13,2
5212655,Jordan,Collins,TE,Navy Midshipmen,AAC,36,2
5295391,Christian,Cromer,RB,Navy Midshipmen,AAC,42,2
5295379,Landon,Dolhancyk,WR,Navy Midshipmen,AAC,83,2
5295382,Michael,Dove,QB,Navy Midshipmen,AAC,16,2
5158369,Stefan,Egbe,RB,Navy Midshipmen,AAC,41,4
5220496,Theo,Elwell,TE,Navy Midshipmen,AAC,87,3
5220495,Quinton,Ezzard,RB,Navy Midshipmen,AAC,35,3
5295380,Maddax,Fayard,WR,Navy Midshipmen,AAC,14,2
5295385,Braeden,George,WR,Navy Midshipmen,AAC,24,2
5220471,Andre,Gilbert Jr.,WR,Navy Midshipmen,AAC,1,3
5158395,Joshua,Guerin,WR,Navy Midshipmen,AAC,86,4
5220473,Jackson,Gutierrez,QB,Navy Midshipmen,AAC,8,3
5220484,Drew,Hall,TE,Navy Midshipmen,AAC,39,3
5158339,Arnel,Heathington,WR,Navy Midshipmen,AAC,80,4
5220490,Jai,Hundley,RB,Navy Midshipmen,AAC,31,3
5158341,Luke,Hutchison,WR,Navy Midshipmen,AAC,89,4
5220492,Jadyn,Jones,RB,Navy Midshipmen,AAC,34,3
5220472,Tre,Jones III,WR,Navy Midshipmen,AAC,2,3
5158365,Gage,Leonard,WR,Navy Midshipmen,AAC,29,4
5158373,Vic,Listorti,RB,Navy Midshipmen,AAC,40,4
5158372,Gavin,Noe,TE,Navy Midshipmen,AAC,43,4
5158398,Jake,Norris,TE,Navy Midshipmen,AAC,85,4
5295428,Jack,Armbruster,P,Navy Midshipmen,AAC,90,2
5220485,Jacob,Carlson,P,Navy Midshipmen,AAC,11,3
5158399,Lance,Gossett,K,Navy Midshipmen,AAC,99,4
5295433,Roman,Hyland,P,Navy Midshipmen,AAC,97,2
5155720,Victor,Aderungboye,TE,North Texas Mean Green,AAC,88,3
5103852,Dalton,Carnes,WR,North Texas Mean Green,AAC,11,4
5163636,TJ,Chukwurah,WR,North Texas Mean Green,AAC,3,4
5214441,Drew,Clemens,TE,North Texas Mean Green,AAC,85,2
5215310,Chaston,Ditta,QB,North Texas Mean Green,AAC,9,2
5238020,Brendon,Haygood,RB,North Texas Mean Green,AAC,29,2
4801307,Tayven,Jackson,QB,North Texas Mean Green,AAC,2,4
5306635,Keenan,Jackson Jr.,RB,North Texas Mean Green,AAC,36,2
4870844,Andy,Jean,WR,North Texas Mean Green,AAC,15,4
5175092,Chris,Jimerson Jr.,QB,North Texas Mean Green,AAC,12,2
5295983,Shandon,King,WR,North Texas Mean Green,AAC,8,4
5194308,Kyle,Koch,WR,North Texas Mean Green,AAC,14,3
5269142,Lathon,Latiolais,WR,North Texas Mean Green,AAC,18,1
5295066,Brec,Long,TE,North Texas Mean Green,AAC,17,4
5108225,Josiah,Martin,WR,North Texas Mean Green,AAC,6,3
5125905,Corri,Milliner,WR,North Texas Mean Green,AAC,0,4
5156236,Jackson,Muckelroy,WR,North Texas Mean Green,AAC,84,4
5334231,Adarion,Nettles,RB,North Texas Mean Green,AAC,20,1
5383047,Eli,Nikolas,WR,North Texas Mean Green,AAC,87,1
5085503,Grayson,O'Bara,WR,North Texas Mean Green,AAC,19,4
5227742,Nick,Osho,RB,North Texas Mean Green,AAC,4,4
5081966,Colin,Page,RB,North Texas Mean Green,AAC,22,4
4827049,Max,Reese,TE,North Texas Mean Green,AAC,7,4
5279681,Jerious,Singletary,TE,North Texas Mean Green,AAC,89,1
5122082,Justin,Stevenson,WR,North Texas Mean Green,AAC,13,4
5149220,Baron,Tipton,WR,North Texas Mean Green,AAC,80,3
5159360,James,Tyre,WR,North Texas Mean Green,AAC,16,4
4917338,Connor,Vaughn,TE,North Texas Mean Green,AAC,82,4
5383040,Luke,Crudgington,P,North Texas Mean Green,AAC,46,1
5257313,Dominic,De Freitas,K,North Texas Mean Green,AAC,90,2
5150777,Ian,Ratliff,P,North Texas Mean Green,AAC,37,4
5383041,Michael,Taylor II,K,North Texas Mean Green,AAC,48,1
5222530,Keenan,Arcega-Whiteside,WR,Rice Owls,AAC,88,1
4685291,Jacurri,Brown,QB,Rice Owls,AAC,11,4
5151280,Chris,Bruce,WR,Rice Owls,AAC,43,3
5207925,Tyvonn,Byars,RB,Rice Owls,AAC,26,2
5125157,Owen,Carter,WR,Rice Owls,AAC,18,2
5265445,Jordan,Clark,WR,Rice Owls,AAC,19,1
5302750,Colten,Cole,TE,Rice Owls,AAC,82,1
5265447,Patrick,Crayton Jr.,QB,Rice Owls,AAC,15,1
5384744,Jackson,DeAtley,TE,Rice Owls,AAC,87,1
5219899,Larry,DeBose IV,WR,Rice Owls,AAC,24,2
5077637,James,Falk,TE,Rice Owls,AAC,86,3
5144288,Ben,Grice,WR,Rice Owls,AAC,6,2
5207930,D'Andre,Hardeman Jr.,RB,Rice Owls,AAC,28,2
5327241,Preston,Jackson,WR,Rice Owls,AAC,89,1
5082271,Quinton,Jackson,RB,Rice Owls,AAC,10,4
4923288,Barry,Jackson Jr.,WR,Rice Owls,AAC,7,3
5302752,Jai,Jacobs-Ford,WR,Rice Owls,AAC,29,1
4868249,Davis,Lane,WR,Rice Owls,AAC,5,4
5265453,Colin,Leahey,WR,Rice Owls,AAC,8,1
5327483,Fisher,Leftwich,WR,Rice Owls,AAC,20,1
5236325,Payton,Matthews,WR,Rice Owls,AAC,0,2
5151063,Carson,Morgan,RB,Rice Owls,AAC,30,3
5087069,Max,Mosey,WR,Rice Owls,AAC,13,4
5145788,Gael,Ochoa,QB,Rice Owls,AAC,4,2
5148281,Rhys,Phillips,TE,Rice Owls,AAC,25,2
5384739,Justin,Powell,RB,Rice Owls,AAC,33,1
5219902,Jackson,Ranucci,WR,Rice Owls,AAC,83,2
4684551,Jake,Renda,TE,Rice Owls,AAC,17,4
5384736,Sawyer,Rice,WR,Rice Owls,AAC,21,1
5221569,Lucas,Scheerhorn,QB,Rice Owls,AAC,2,2
5384737,Michael,Sifford,WR,Rice Owls,AAC,22,1
5207923,Dionne,Sims,RB,Rice Owls,AAC,27,1
5258483,Will,Swartz,TE,Rice Owls,AAC,84,1
4869581,Braylen,Walker,WR,Rice Owls,AAC,81,4
5302749,Ayden,Wilhelm,QB,Rice Owls,AAC,14,1
5296697,Tommy,Bauchiero,K,Rice Owls,AAC,49,1
4917266,Charlie,Durkin,P,Rice Owls,AAC,29,4
5082275,Enock,Gota,K,Rice Owls,AAC,28,4
4570035,Jaden,Alexis,WR,South Florida Bulls,AAC,12,4
5079339,Jayden,Bradford,QB,South Florida Bulls,AAC,16,2
5125521,Arhmad,Branch,WR,South Florida Bulls,AAC,4,3
5156110,Kade,Caton,TE,South Florida Bulls,AAC,85,2
5300511,Luke,Clyburn,TE,South Florida Bulls,AAC,87,4
5154559,Jason,Collins Jr.,RB,South Florida Bulls,AAC,2,3
5232131,KJ,Cooper,QB,South Florida Bulls,AAC,10,4
5215625,Tayte,Crable,TE,South Florida Bulls,AAC,81,1
5085507,D.J.,Crowther,RB,South Florida Bulls,AAC,5,4
5117848,Evan,Dangler,TE,South Florida Bulls,AAC,47,4
5170238,Jayden,Davis,WR,South Florida Bulls,AAC,27,3
5290559,Jayson,Franklin,RB,South Florida Bulls,AAC,25,1
5218443,Chase,Garnett,RB,South Florida Bulls,AAC,22,1
4869252,Jaron,Glover,WR,South Florida Bulls,AAC,7,4
5193089,Alvon,Isaac,RB,South Florida Bulls,AAC,15,2
5218243,Jeremiah,Johnson,RB,South Florida Bulls,AAC,30,2
5296023,Tray,Kinkle,RB,South Florida Bulls,AAC,24,2
5079542,Luke,Kromenhoek,QB,South Florida Bulls,AAC,17,2
5216580,Brandon,Kubay,TE,South Florida Bulls,AAC,88,1
5287644,Gabe,Legrand,WR,South Florida Bulls,AAC,82,1
5387605,Connor,Mathews,RB,South Florida Bulls,AAC,32,1
5083068,Kenny,Odom,WR,South Florida Bulls,AAC,18,4
5126532,Arkese,Parks,WR,South Florida Bulls,AAC,14,2
5146576,Joshua,Porter,WR,South Florida Bulls,AAC,80,3
4826505,Mudia,Reuben,WR,South Florida Bulls,AAC,6,4
5279906,Dmari,Roberts,WR,South Florida Bulls,AAC,84,1
4870927,Bryson,Rodgers,WR,South Florida Bulls,AAC,1,3
4870941,Cameron,Seldon,WR,South Florida Bulls,AAC,0,4
4950550,JeyQuan,Smith,WR,South Florida Bulls,AAC,19,3
4869390,Wyatt,Sullivan,TE,South Florida Bulls,AAC,8,4
5257210,Luke,Goater,P,South Florida Bulls,AAC,39,1
5279137,Gaston,Gramatica,K,South Florida Bulls,AAC,10,1
5149075,Nico,Gramatica,K,South Florida Bulls,AAC,7,3
5296367,Zander,Baptiste,WR,Temple Owls,AAC,28,2
4726152,JoJo,Bermudez,WR,Temple Owls,AAC,17,4
5211736,Lamar,Best,QB,Temple Owls,AAC,19,1
5290496,R.J.,Blount,RB,Temple Owls,AAC,20,1
5216572,Camren,Boykin,QB,Temple Owls,AAC,11,2
4685695,Sam,Brown V,RB,Temple Owls,AAC,27,4
5141403,Kaegan,Chambers,WR,Temple Owls,AAC,87,2
5089003,Colin,Chase,WR,Temple Owls,AAC,1,4
5080547,Peter,Clarke,TE,Temple Owls,AAC,88,4
5219878,Daniel,Evert,TE,Temple Owls,AAC,84,3
5087747,Jayce,Freeman,WR,Temple Owls,AAC,10,4
5290580,Liam,Fuller,TE,Temple Owls,AAC,30,1
5388300,Demonte,Greene,WR,Temple Owls,AAC,12,4
5296370,Rameir,Hardy,WR,Temple Owls,AAC,85,2
5151232,Patrick,Keller,TE,Temple Owls,AAC,44,4
5222551,Ryder,Kusch,TE,Temple Owls,AAC,33,2
5291772,Coen,Logan,WR,Temple Owls,AAC,81,1
5081241,Johnny,Martin,RB,Temple Owls,AAC,22,4
5296364,Keveun,Mason,RB,Temple Owls,AAC,26,2
5296363,Jordan,Miller,RB,Temple Owls,AAC,23,3
5317966,Tylik,Mitchell,WR,Temple Owls,AAC,82,2
5291131,Ameir,Morrow,RB,Temple Owls,AAC,25,1
5290544,Brody,Norman,QB,Temple Owls,AAC,15,1
5290553,Brady,Palmer,QB,Temple Owls,AAC,16,1
5159173,Ash,Roberts,WR,Temple Owls,AAC,24,1
4898892,Joey,Schlaffer,TE,Temple Owls,AAC,18,4
5078166,Ajani,Sheppard,QB,Temple Owls,AAC,13,4
4258419,Hunter,Smith,RB,Temple Owls,AAC,29,4
5077787,Jaxon,Smolik,QB,Temple Owls,AAC,14,3
4875583,Reis,Stocksdale,WR,Temple Owls,AAC,86,4
5121768,Dante,Atton,P,Temple Owls,AAC,7,4
5388303,Luke,Cochrane,K,Temple Owls,AAC,90,1
5151240,Carl,Hardin,K,Temple Owls,AAC,98,4
5294290,John,Barton,WR,Tulane Green Wave,AAC,39,1
5294291,Jay,Beamon,QB,Tulane Green Wave,AAC,4,1
4920188,Vance,Bolyard,TE,Tulane Green Wave,AAC,80,3
4870635,Anthony,Brown-Stephens,WR,Tulane Green Wave,AAC,5,4
5219709,Dagan,Bruno,QB,Tulane Green Wave,AAC,14,2
4870518,Zeon,Chriss-Gremillion,QB,Tulane Green Wave,AAC,9,4
5219723,DJ,Cicero,TE,Tulane Green Wave,AAC,89,2
5274309,Keyshaun,Coleman,WR,Tulane Green Wave,AAC,82,1
5199946,Gabe,Daniels,WR,Tulane Green Wave,AAC,85,2
5218820,Johnnie,Daniels,RB,Tulane Green Wave,AAC,6,4
5219710,Walker,Davis,WR,Tulane Green Wave,AAC,26,2
5141431,DJ,Dugar,RB,Tulane Green Wave,AAC,21,1
5219711,Seth,Gale,WR,Tulane Green Wave,AAC,83,2
5389045,Deuce,Hadley Jr.,WR,Tulane Green Wave,AAC,81,1
5150834,Destyn,Hill,WR,Tulane Green Wave,AAC,2,3
5222239,Dawson,Johnson,TE,Tulane Green Wave,AAC,19,2
5291713,Trace,Johnson,QB,Tulane Green Wave,AAC,11,1
5151005,Jakson,Judge,TE,Tulane Green Wave,AAC,22,3
5079501,Zycarl,Lewis Jr.,WR,Tulane Green Wave,AAC,1,2
5239552,Gabe,Lovorn,TE,Tulane Green Wave,AAC,86,1
4871148,Jaylin,Lucas,RB,Tulane Green Wave,AAC,12,4
5148838,Jamauri,McClure,RB,Tulane Green Wave,AAC,25,2
5389040,Evan,Mickow,TE,Tulane Green Wave,AAC,38,1
5215501,Oliver,Mitchell Jr.,WR,Tulane Green Wave,AAC,17,2
5091744,Garrett,Mmahat,WR,Tulane Green Wave,AAC,16,4
5294297,Gabe,Mocek,RB,Tulane Green Wave,AAC,20,1
5203612,Antwaun,Parham,WR,Tulane Green Wave,AAC,15,1
5302756,Jake,Randle,RB,Tulane Green Wave,AAC,24,1
5079686,Bredell,Richardson,WR,Tulane Green Wave,AAC,8,2
5203726,Cameron,Roberts,TE,Tulane Green Wave,AAC,87,1
5294300,Cade,Scott,QB,Tulane Green Wave,AAC,7,1
5294301,Cash,Semonza,WR,Tulane Green Wave,AAC,37,1
5091890,Kadin,Semonza,QB,Tulane Green Wave,AAC,3,3
5209007,Colby,Simpson,TE,Tulane Green Wave,AAC,88,1
5389039,John,Allen,P,Tulane Green Wave,AAC,38,1
5162686,Jackson,Courville,K,Tulane Green Wave,AAC,96,3
5257395,Cooper,Helmke,K,Tulane Green Wave,AAC,35,1
5160460,William,Hudlow,P,Tulane Green Wave,AAC,34,3
5219724,Zach,Marini,K,Tulane Green Wave,AAC,46,2
5296695,Brooks,Moore,P,Tulane Green Wave,AAC,33,1
5265441,Andrew,Alford,QB,Tulsa Golden Hurricane,AAC,16,1
4685699,Damari,Alston,RB,Tulsa Golden Hurricane,AAC,6,4
5280595,Kyden,Barker,QB,Tulsa Golden Hurricane,AAC,8,1
4429804,Jimmy,Calloway,WR,Tulsa Golden Hurricane,AAC,7,4
5390294,Connor,Dantzler,QB,Tulsa Golden Hurricane,AAC,12,1
4920162,Seth,Davis,RB,Tulsa Golden Hurricane,AAC,23,3
5390295,Kincayde,Eng,QB,Tulsa Golden Hurricane,AAC,15,1
5296086,Chris,Gacayan II,TE,Tulsa Golden Hurricane,AAC,82,3
5223788,Donnell,Gee Jr.,WR,Tulsa Golden Hurricane,AAC,0,2
5390297,Kainon,Gibson,WR,Tulsa Golden Hurricane,AAC,26,1
5244757,Xavier,Green,WR,Tulsa Golden Hurricane,AAC,88,1
5151635,Cole,Greene,WR,Tulsa Golden Hurricane,AAC,85,3
5224011,Baylor,Hayes,QB,Tulsa Golden Hurricane,AAC,10,2
5295930,Trequan,Jones,RB,Tulsa Golden Hurricane,AAC,20,4
5302754,Courtney,Lewis Jr.,WR,Tulsa Golden Hurricane,AAC,18,1
5390305,Kuba,Malecki,TE,Tulsa Golden Hurricane,AAC,89,1
5262779,Grant,McAtee,TE,Tulsa Golden Hurricane,AAC,11,3
5125823,DJ,McKinney,RB,Tulsa Golden Hurricane,AAC,4,3
5390298,Max,Moore,TE,Tulsa Golden Hurricane,AAC,32,1
4576218,Sevion,Morrison,RB,Tulsa Golden Hurricane,AAC,28,4
5390296,Barrett,Mullen,QB,Tulsa Golden Hurricane,AAC,19,1
5290549,Jamarcea,Plater,RB,Tulsa Golden Hurricane,AAC,21,1
5146761,Jewlyen,Roberts,TE,Tulsa Golden Hurricane,AAC,84,2
5229589,Javon,Ross,WR,Tulsa Golden Hurricane,AAC,9,3
5281030,Joshua,Rushing,WR,Tulsa Golden Hurricane,AAC,13,1
5217701,Jackson,Shockley,TE,Tulsa Golden Hurricane,AAC,87,1
4710860,Oran,Singleton Jr.,WR,Tulsa Golden Hurricane,AAC,2,4
5146727,Josh,Smith,WR,Tulsa Golden Hurricane,AAC,15,2
4871069,Micah,Tease,WR,Tulsa Golden Hurricane,AAC,3,3
5121616,Grayson,Tempest,WR,Tulsa Golden Hurricane,AAC,19,4
5222570,Luke,Tevis,TE,Tulsa Golden Hurricane,AAC,86,1
5265523,Kelvin,Washington,RB,Tulsa Golden Hurricane,AAC,22,1
5326901,Owen,Carey,K,Tulsa Golden Hurricane,AAC,10,1
5219794,Evan,Guenthner,K,Tulsa Golden Hurricane,AAC,95,3
5085238,Marlon,Hauck,K,Tulsa Golden Hurricane,AAC,18,4
5219783,Henry,Simon,P,Tulsa Golden Hurricane,AAC,44,2
5163541,Max,Tulen,P,Tulsa Golden Hurricane,AAC,29,3
5296036,Levi,Brayton,WR,UAB Blazers,AAC,83,1
4685283,Kaleb,Brown,WR,UAB Blazers,AAC,5,3
5219694,Amari,Brundidge,RB,UAB Blazers,AAC,30,1
5057381,Ryder,Burton,QB,UAB Blazers,AAC,15,2
5081178,Trace,Campbell,QB,UAB Blazers,AAC,9,3
5203714,Gabriel,Cline,TE,UAB Blazers,AAC,19,1
4920191,Marquise,Collins,RB,UAB Blazers,AAC,10,2
5296039,Vanden,Dugger,QB,UAB Blazers,AAC,12,1
5252197,Jaylen,Elder,WR,UAB Blazers,AAC,12,1
5078812,Antonio,Ferguson,TE,UAB Blazers,AAC,85,2
5155750,CD,Gill,WR,UAB Blazers,AAC,13,1
4875940,Connor,Harby,TE,UAB Blazers,AAC,87,4
5151662,Brandon,Hawkins Jr.,WR,UAB Blazers,AAC,6,4
5162395,Jailen,Holmes,WR,UAB Blazers,AAC,14,3
4912286,Iverson,Hooks,WR,UAB Blazers,AAC,0,2
4705927,Jevon,Jackson,RB,UAB Blazers,AAC,4,4
4432297,Isaiah,Jacobs,RB,UAB Blazers,AAC,3,4
5219690,Cam,Jennings,QB,UAB Blazers,AAC,10,1
5095096,AJ,Johnson,WR,UAB Blazers,AAC,2,4
5219697,Brayden,Johnson,TE,UAB Blazers,AAC,40,1
4565187,Jalen,Kitna,QB,UAB Blazers,AAC,7,4
5082381,Aron,Marsch,WR,UAB Blazers,AAC,81,3
5214447,Aaron,Mattingly,TE,UAB Blazers,AAC,86,1
5296041,Evan,McCray,WR,UAB Blazers,AAC,8,4
5296042,Malik,Muhammad,WR,UAB Blazers,AAC,80,1
5296043,Drew,Patterson,RB,UAB Blazers,AAC,22,1
5079568,Adrian,Posse,QB,UAB Blazers,AAC,11,1
5197123,Nate,Rogers,QB,UAB Blazers,AAC,16,1
5151667,Joshua,Rubin,TE,UAB Blazers,AAC,44,2
4912265,J.C.,Sivley,TE,UAB Blazers,AAC,88,2
5219703,Lamar,White,WR,UAB Blazers,AAC,84,1
5151663,Jonah,Delange,K,UAB Blazers,AAC,39,3
4873083,Patrick,Foley,P,UAB Blazers,AAC,27,4
5257620,Owen,Simpson,K,UAB Blazers,AAC,35,1
4702790,DJ,Allen Jr.,WR,UTSA Roadrunners,AAC,15,3
4917054,David,Amador II,WR,UTSA Roadrunners,AAC,8,2
5194309,Mekhi,Anderson,WR,UTSA Roadrunners,AAC,33,1
5265470,TJ,Andrews,RB,UTSA Roadrunners,AAC,38,1
5079300,Frankie,Arthur Jr.,RB,UTSA Roadrunners,AAC,25,1
5223178,Elliott,Brow,WR,UTSA Roadrunners,AAC,82,4
5215185,Isaiah,Butler-Tanner,TE,UTSA Roadrunners,AAC,86,1
5151321,Mason,Culton,RB,UTSA Roadrunners,AAC,42,2
4565211,Dan,Dishman,TE,UTSA Roadrunners,AAC,5,4
4702820,Bryson,Donnell,RB,UTSA Roadrunners,AAC,22,3
4426333,John,Emery Jr.,RB,UTSA Roadrunners,AAC,14,4
5297105,Caleb,Garcia,WR,UTSA Roadrunners,AAC,31,2
5207798,Max,Gerlich,QB,UTSA Roadrunners,AAC,12,1
4923281,Jamel,Hardy Jr.,WR,UTSA Roadrunners,AAC,13,2
5223167,Will,Henderson III,RB,UTSA Roadrunners,AAC,23,1
5170280,Justice,Hurt,WR,UTSA Roadrunners,AAC,87,2
5215220,Kingston,Jones,WR,UTSA Roadrunners,AAC,26,1
5146666,Noah,Lugo,QB,UTSA Roadrunners,AAC,10,1
4775136,Owen,McCown,QB,UTSA Roadrunners,AAC,2,3
5151318,Willie,McCoy III,WR,UTSA Roadrunners,AAC,19,4
5297104,Tangoh,Njoh,WR,UTSA Roadrunners,AAC,29,1
4918111,A'Marion,Peterson,RB,UTSA Roadrunners,AAC,28,2
4689272,Jaren,Randle,WR,UTSA Roadrunners,AAC,11,4
5148607,Ty,Rupe,TE,UTSA Roadrunners,AAC,85,1
5151320,Ezekiel,Saldana,WR,UTSA Roadrunners,AAC,83,2
5078911,Devin,Scura,TE,UTSA Roadrunners,AAC,81,2
5297107,Wyatt,Smiley,WR,UTSA Roadrunners,AAC,80,1
5121782,Jaelen,Smith,WR,UTSA Roadrunners,AAC,24,2
5297102,John,Solitaire,RB,UTSA Roadrunners,AAC,21,2
5151316,Brandon,Tennison,QB,UTSA Roadrunners,AAC,17,2
5297108,Breck,Chambers,P,UTSA Roadrunners,AAC,37,3
5223166,Caile,Hogan,P,UTSA Roadrunners,AAC,20,4
5265587,Jaffer,Murphy,K,UTSA Roadrunners,AAC,99,4
5297115,Jesse,Perez,K,UTSA Roadrunners,AAC,98,1
5160464,Michael,Petro,K,UTSA Roadrunners,AAC,92,2
4893007,Thomas,Amankwaa,WR,Delaware Blue Hens,CUSA,7,4
5296312,EJ,Archield Jr.,QB,Delaware Blue Hens,CUSA,11,1
5296343,Jaxson,Bowman,TE,Delaware Blue Hens,CUSA,86,1
5224773,Luke,Brown,WR,Delaware Blue Hens,CUSA,43,2
5296316,Emmanuel,Doku,WR,Delaware Blue Hens,CUSA,17,1
5161800,Viron,Ellison Jr.,RB,Delaware Blue Hens,CUSA,23,2
4686771,Caleb,Fauria,TE,Delaware Blue Hens,CUSA,12,4
5153852,Ja'Carree,Kelly,WR,Delaware Blue Hens,CUSA,9,3
5224786,Logan,Klein,TE,Delaware Blue Hens,CUSA,90,2
4694404,Nick,Laboy,WR,Delaware Blue Hens,CUSA,8,4
5153870,Donovan,Lewis,WR,Delaware Blue Hens,CUSA,87,3
5224769,Daniel,McConomy,RB,Delaware Blue Hens,CUSA,34,2
5224783,Matthew,McKinley-Daniels,WR,Delaware Blue Hens,CUSA,80,2
5153846,Nick,Minicucci,QB,Delaware Blue Hens,CUSA,4,3
5296328,Scott,Moore,TE,Delaware Blue Hens,CUSA,40,1
5296342,Ashton,Navarrete,WR,Delaware Blue Hens,CUSA,84,2
5224784,Declan,O'Brien,WR,Delaware Blue Hens,CUSA,82,4
5153869,Dan,Parisi,WR,Delaware Blue Hens,CUSA,81,3
4682748,Max,Patterson,WR,Delaware Blue Hens,CUSA,0,4
5296321,Jared,Porter,RB,Delaware Blue Hens,CUSA,25,1
5296325,Oliver,Redd,RB,Delaware Blue Hens,CUSA,35,2
5086450,Brandon,Rehmann,WR,Delaware Blue Hens,CUSA,1,2
5296313,Ty,Salazer,WR,Delaware Blue Hens,CUSA,13,1
5086956,Elijah,Sessoms,TE,Delaware Blue Hens,CUSA,88,4
5296332,Maddox,Sills,TE,Delaware Blue Hens,CUSA,49,1
5086952,Jo,Silver,RB,Delaware Blue Hens,CUSA,27,4
5224766,Greg,Spiller,RB,Delaware Blue Hens,CUSA,26,2
5153855,Saeed,St. Fleur,RB,Delaware Blue Hens,CUSA,28,3
5224762,Braden,Streeter,QB,Delaware Blue Hens,CUSA,16,2
4690298,Jake,Thaw,WR,Delaware Blue Hens,CUSA,15,4
5296341,Calvin,Thomas,WR,Delaware Blue Hens,CUSA,83,1
5224771,Austin,Troyer,QB,Delaware Blue Hens,CUSA,5,2
5079614,Riley,Trujillo,QB,Delaware Blue Hens,CUSA,2,2
5224772,Nick,Tyree,WR,Delaware Blue Hens,CUSA,6,2
4694952,Josh,Cupitt,P,Delaware Blue Hens,CUSA,39,4
4885573,Brenden,Lach,P,Delaware Blue Hens,CUSA,99,4
5153872,Nate,Reed,K,Delaware Blue Hens,CUSA,91,4
5224787,Skyler,Sholder,K,Delaware Blue Hens,CUSA,92,2
5302764,DJ,Alexander,QB,Florida International Panthers,CUSA,5,1
4879999,Maguire,Anderson,WR,Florida International Panthers,CUSA,2,3
5230757,Andre,Brown,WR,Florida International Panthers,CUSA,18,2
5291814,Davis,Brown,TE,Florida International Panthers,CUSA,19,1
5215335,Sean,Burke,TE,Florida International Panthers,CUSA,89,1
5079372,Anthony,Carrie,RB,Florida International Panthers,CUSA,1,2
5222534,Tyson,Carter,WR,Florida International Panthers,CUSA,13,2
5273264,Justin,Compere,RB,Florida International Panthers,CUSA,36,1
5172097,Jayden,Ford,RB,Florida International Panthers,CUSA,10,1
4685356,Greg,Gaines III,WR,Florida International Panthers,CUSA,8,4
5082009,Donovan,Giles,WR,Florida International Panthers,CUSA,15,4
5382714,Remy,Goins,TE,Florida International Panthers,CUSA,87,1
5158414,Nate,Henry,RB,Florida International Panthers,CUSA,21,3
5295585,Dylan,Herman,WR,Florida International Panthers,CUSA,80,2
5217201,Amari,Isaac,WR,Florida International Panthers,CUSA,12,2
5299092,Matt,Ivaldi,QB,Florida International Panthers,CUSA,20,1
5164324,Sterling,Joseph,RB,Florida International Panthers,CUSA,22,1
4870883,JJ,Kohl,QB,Florida International Panthers,CUSA,17,3
5146722,Devonte,Lyons,RB,Florida International Panthers,CUSA,3,2
5153845,Zach,Marker,QB,Florida International Panthers,CUSA,11,4
5121664,Kyle,McNeal,WR,Florida International Panthers,CUSA,7,3
5125595,Eric,Nelson Jr.,WR,Florida International Panthers,CUSA,6,2
5293340,Ayden,Passley,TE,Florida International Panthers,CUSA,81,1
5302768,Malik,Penson,WR,Florida International Panthers,CUSA,83,1
5079684,James,Resar,TE,Florida International Panthers,CUSA,4,2
4698120,Kevin,Schaeffer,TE,Florida International Panthers,CUSA,88,4
5270807,Barrett,Schulz,WR,Florida International Panthers,CUSA,84,1
5218988,Jojo,Stone,WR,Florida International Panthers,CUSA,0,2
5236210,Jackson,Verdugo,TE,Florida International Panthers,CUSA,9,2
5158421,Zachary,Waters,QB,Florida International Panthers,CUSA,16,3
5220127,Trey,Whirley,QB,Florida International Panthers,CUSA,23,2
5196924,Kenny,Williams,WR,Florida International Panthers,CUSA,14,1
5230751,Robert,Czeremcha,K,Florida International Panthers,CUSA,48,2
5291874,Noah,Sidan,K,Florida International Panthers,CUSA,30,1
5184514,Stone,Springman,P,Florida International Panthers,CUSA,41,3
5382711,Conrad,Tolerico,P,Florida International Panthers,CUSA,49,1
5382829,Jamarious,Acklin,RB,Jacksonville State Gamecocks,CUSA,38,1
5104052,David,Alpers III,TE,Jacksonville State Gamecocks,CUSA,83,4
5193215,Franklin,Baret Jr.,WR,Jacksonville State Gamecocks,CUSA,84,2
5230293,Kam,Bell,TE,Jacksonville State Gamecocks,CUSA,88,3
5160197,Darius,Cannon,WR,Jacksonville State Gamecocks,CUSA,3,1
5304196,Jacob,Cornejo,RB,Jacksonville State Gamecocks,CUSA,24,3
5122157,Caden,Creel,QB,Jacksonville State Gamecocks,CUSA,12,3
5257214,Lucas,Farrington,RB,Jacksonville State Gamecocks,CUSA,22,1
5219036,Dylan,Gentry,WR,Jacksonville State Gamecocks,CUSA,5,2
5265478,Luke,Gilbert,TE,Jacksonville State Gamecocks,CUSA,30,2
5265479,Gabe,Glover,WR,Jacksonville State Gamecocks,CUSA,81,2
5296100,Nabi,Hoyt,WR,Jacksonville State Gamecocks,CUSA,86,2
5069231,Deondre,Johnson,WR,Jacksonville State Gamecocks,CUSA,11,3
5161162,Ronnel,Johnson,WR,Jacksonville State Gamecocks,CUSA,9,4
5226553,Santonio,Jones,WR,Jacksonville State Gamecocks,CUSA,18,2
5226550,Khristian,Lando,RB,Jacksonville State Gamecocks,CUSA,7,2
5290561,Noah,Lee,QB,Jacksonville State Gamecocks,CUSA,16,1
5226551,Jalen,Likely,RB,Jacksonville State Gamecocks,CUSA,6,2
5296090,Kadyn,Mitchell,QB,Jacksonville State Gamecocks,CUSA,2,1
5291762,Donovan,Moorhead,QB,Jacksonville State Gamecocks,CUSA,19,1
5222557,Jack,Moran,QB,Jacksonville State Gamecocks,CUSA,15,1
4911914,Andrew,Paul,RB,Jacksonville State Gamecocks,CUSA,0,4
5150915,Shane,Payton Hodges,TE,Jacksonville State Gamecocks,CUSA,4,3
5293243,Rollie,Pinto,WR,Jacksonville State Gamecocks,CUSA,29,1
5296249,Camdon,Pitchford,WR,Jacksonville State Gamecocks,CUSA,89,1
5150925,Colton,Pitchford,WR,Jacksonville State Gamecocks,CUSA,82,3
5296093,Bryson,Rouillier,WR,Jacksonville State Gamecocks,CUSA,39,2
5265496,Wes,Ryan,TE,Jacksonville State Gamecocks,CUSA,48,1
5382839,Greg,Casimir,K,Jacksonville State Gamecocks,CUSA,91,4
5304177,Conor,Donaghy,P,Jacksonville State Gamecocks,CUSA,87,2
5304176,Cleat,Forrest,K,Jacksonville State Gamecocks,CUSA,97,1
5295639,Carter,Lewis,P,Jacksonville State Gamecocks,CUSA,41,1
5150909,Garrison,Rippa,K,Jacksonville State Gamecocks,CUSA,37,3
5159362,Zion,Booker,WR,Kennesaw State Owls,CUSA,4,4
5083103,Davis,Bryson,WR,Kennesaw State Owls,CUSA,9,4
5083041,Gerard,Bullock Jr.,TE,Kennesaw State Owls,CUSA,17,4
4870645,Rickie,Collins,QB,Kennesaw State Owls,CUSA,1,3
5327679,Celley,Davis,RB,Kennesaw State Owls,CUSA,20,1
5232359,Keon,Davis,WR,Kennesaw State Owls,CUSA,0,3
5154227,Navelle,Dean,WR,Kennesaw State Owls,CUSA,7,3
5081089,Dylan,Gary,WR,Kennesaw State Owls,CUSA,13,3
5291181,Jamarcus,Harrison,QB,Kennesaw State Owls,CUSA,5,1
5265450,Jamari,Harrold,TE,Kennesaw State Owls,CUSA,88,2
5224017,Devin,Ingram,RB,Kennesaw State Owls,CUSA,26,2
5147382,Reed,Jesiolowski,TE,Kennesaw State Owls,CUSA,19,3
5221576,Jonathan,Mathis,RB,Kennesaw State Owls,CUSA,23,3
5265455,Kayden,Miller,WR,Kennesaw State Owls,CUSA,85,1
5234086,Triston,Morgan,RB,Kennesaw State Owls,CUSA,21,4
5168788,Brayden,Munroe,WR,Kennesaw State Owls,CUSA,11,4
5224714,Latrelle,Murrell,RB,Kennesaw State Owls,CUSA,6,3
5382908,Darren,Pinkard,TE,Kennesaw State Owls,CUSA,82,1
5147191,Javon,Rogers,WR,Kennesaw State Owls,CUSA,15,3
5295511,Erik,Ronning,WR,Kennesaw State Owls,CUSA,81,2
5298816,Devaughn,Slaughter,WR,Kennesaw State Owls,CUSA,8,2
5296963,Jet,Tabb,WR,Kennesaw State Owls,CUSA,12,1
5302778,Chase,Tatum,TE,Kennesaw State Owls,CUSA,87,1
5265462,Joshua,Troupe,RB,Kennesaw State Owls,CUSA,25,1
5382898,Landon,Varnes,QB,Kennesaw State Owls,CUSA,2,2
5265536,Skyler,Williams,QB,Kennesaw State Owls,CUSA,3,1
5154220,Josh,Williamson,WR,Kennesaw State Owls,CUSA,80,4
5220641,Boogie,Woods III,RB,Kennesaw State Owls,CUSA,24,2
5295514,Daniel,Kinney,K,Kennesaw State Owls,CUSA,89,1
5296141,Matt,McKenzie,P,Kennesaw State Owls,CUSA,34,4
5081710,Jaylin,Belford,RB,Liberty Flames,CUSA,26,4
4923049,Bo,Burklow,TE,Liberty Flames,CUSA,17,3
5296294,Jaylon,Coleman,RB,Liberty Flames,CUSA,0,2
5162399,Darius,Copeland,WR,Liberty Flames,CUSA,1,3
4918432,Ethan,Crisp,RB,Liberty Flames,CUSA,30,3
5224354,Rashawn,Cunningham,WR,Liberty Flames,CUSA,12,2
5382946,Nathanael,Dates,WR,Liberty Flames,CUSA,89,1
5295943,Jachin,Davis,QB,Liberty Flames,CUSA,18,1
5079364,Kam,Davis,RB,Liberty Flames,CUSA,4,2
5302777,Jakobe,DeJesus,WR,Liberty Flames,CUSA,81,1
5215246,Jeffrey,Hairston Jr.,RB,Liberty Flames,CUSA,95,1
4602923,Jaylen,Henderson,QB,Liberty Flames,CUSA,13,4
5222545,Ethan,Houck,QB,Liberty Flames,CUSA,14,1
5088336,Makai,Jackson,WR,Liberty Flames,CUSA,2,4
4702826,LaKelsey,Johnson Jr.,TE,Liberty Flames,CUSA,87,4
4923298,Peyton,Jones,RB,Liberty Flames,CUSA,7,3
4880964,Terron,Kellman,RB,Liberty Flames,CUSA,11,4
5233213,Breckan,Kirby,TE,Liberty Flames,CUSA,84,2
5078251,Justin,Marshall,RB,Liberty Flames,CUSA,29,3
5220265,Jon,Monteiro,WR,Liberty Flames,CUSA,10,2
5218484,Nasir,Newkirk,WR,Liberty Flames,CUSA,8,1
5117836,Jamari,Person,WR,Liberty Flames,CUSA,3,4
5138131,Deshawn,Purdie,QB,Liberty Flames,CUSA,5,3
5215242,Bryce,Randolph,WR,Liberty Flames,CUSA,9,1
5162406,Caleb,Ryan,TE,Liberty Flames,CUSA,48,4
5382937,Andrew,Ryman,WR,Liberty Flames,CUSA,28,2
5220259,Clayton,Shepler,WR,Liberty Flames,CUSA,27,2
5084659,Eric,Smith,WR,Liberty Flames,CUSA,16,2
5296203,Kam,Taylor,TE,Liberty Flames,CUSA,85,1
5150313,Kanye,Udoh,RB,Liberty Flames,CUSA,6,3
5301163,Refeno,Vangates,WR,Liberty Flames,CUSA,19,4
4832918,Ethan,Vasko,QB,Liberty Flames,CUSA,15,4
5076101,Brenton,Williams,RB,Liberty Flames,CUSA,8,3
5121343,Tyler,Black,K,Liberty Flames,CUSA,98,2
5220261,Sam,Crossan,K,Liberty Flames,CUSA,49,2
5382945,Nathan,Dinwiddie,K,Liberty Flames,CUSA,86,1
5086151,Chase,Reeves,K,Liberty Flames,CUSA,42,1
4603185,Markus,Allen,WR,Middle Tennessee Blue Raiders,CUSA,1,4
5296411,Stanley,Anderson-Lofton,QB,Middle Tennessee Blue Raiders,CUSA,18,1
5194615,Brody,Benke,TE,Middle Tennessee Blue Raiders,CUSA,86,2
5383050,Terrence,Brown,RB,Middle Tennessee Blue Raiders,CUSA,9,4
5291778,Ziyon,Butler,WR,Middle Tennessee Blue Raiders,CUSA,13,1
5194618,Austin,Clemons,RB,Middle Tennessee Blue Raiders,CUSA,31,2
5217200,Neo,Clifton,WR,Middle Tennessee Blue Raiders,CUSA,85,1
5296430,Landon,Collins,WR,Middle Tennessee Blue Raiders,CUSA,89,2
4565180,Peter,Costelli,QB,Middle Tennessee Blue Raiders,CUSA,11,4
5210055,Brooklen,Davis,RB,Middle Tennessee Blue Raiders,CUSA,33,1
5296429,Chase,Davis,WR,Middle Tennessee Blue Raiders,CUSA,39,1
4870691,Santana,Fleming,WR,Middle Tennessee Blue Raiders,CUSA,0,3
5194626,Roman,Gagliano,QB,Middle Tennessee Blue Raiders,CUSA,16,2
5079435,Tayvion,Galloway,TE,Middle Tennessee Blue Raiders,CUSA,88,2
5304182,Peter,Grandjean,QB,Middle Tennessee Blue Raiders,CUSA,12,1
5383059,Jadin,Hambrick,TE,Middle Tennessee Blue Raiders,CUSA,84,3
5222543,Wilson,Hodges,TE,Middle Tennessee Blue Raiders,CUSA,81,1
5086628,AJ,Jones,WR,Middle Tennessee Blue Raiders,CUSA,6,4
5220388,Ashton,Jones,RB,Middle Tennessee Blue Raiders,CUSA,21,2
5220385,Christopher,Kaup,WR,Middle Tennessee Blue Raiders,CUSA,43,2
5091830,Cam'ron,Lacy,WR,Middle Tennessee Blue Raiders,CUSA,3,3
5281489,Robert,Lathon Jr.,RB,Middle Tennessee Blue Raiders,CUSA,30,1
5220393,Sawyer,Lovvorn,TE,Middle Tennessee Blue Raiders,CUSA,47,2
5290574,Bryson,Maddox,WR,Middle Tennessee Blue Raiders,CUSA,17,1
5203853,Mason,Mallory,QB,Middle Tennessee Blue Raiders,CUSA,10,1
4685436,Antonio,Martin,RB,Middle Tennessee Blue Raiders,CUSA,8,4
5296428,Zaidyn,Moore,WR,Middle Tennessee Blue Raiders,CUSA,80,2
5033014,Tyree,Patterson,WR,Middle Tennessee Blue Raiders,CUSA,4,3
5220390,Evan,Poticher,TE,Middle Tennessee Blue Raiders,CUSA,39,3
5383052,Malachi,Steele,WR,Middle Tennessee Blue Raiders,CUSA,23,1
5140261,Kason,Stokes,WR,Middle Tennessee Blue Raiders,CUSA,19,2
5296412,DJ,Taylor,RB,Middle Tennessee Blue Raiders,CUSA,29,2
5383060,Dominic,Bourgeois,K,Middle Tennessee Blue Raiders,CUSA,91,4
5167201,Aden,Caine,P,Middle Tennessee Blue Raiders,CUSA,97,3
5230767,Wyatt,Joyce,K,Middle Tennessee Blue Raiders,CUSA,96,3
4912159,Ashton,Logan,P,Middle Tennessee Blue Raiders,CUSA,92,4
5227784,Jeron,Askren,TE,Missouri State Bears,CUSA,88,2
4685252,Henry,Belin IV,QB,Missouri State Bears,CUSA,2,4
5296441,AJ,Bell Jr.,WR,Missouri State Bears,CUSA,81,1
4602895,Makai,Cope,WR,Missouri State Bears,CUSA,11,4
5164337,King,Davis,RB,Missouri State Bears,CUSA,10,1
5296450,Brycen,Dorsey,WR,Missouri State Bears,CUSA,82,1
5383063,Breezy,Dubar,RB,Missouri State Bears,CUSA,1,4
5147337,Witt,Edwards,WR,Missouri State Bears,CUSA,87,2
5304179,Eian,Finkley,QB,Missouri State Bears,CUSA,15,3
5154284,Ramone,Green Jr.,RB,Missouri State Bears,CUSA,22,3
5128052,Dillon,Hipp,TE,Missouri State Bears,CUSA,85,2
5327017,Amar'e,Johnson,RB,Missouri State Bears,CUSA,43,1
5084290,Josh,Joyner,RB,Missouri State Bears,CUSA,21,2
5085729,Connor,Lair,RB,Missouri State Bears,CUSA,40,4
5227766,Elijah,Leonard,QB,Missouri State Bears,CUSA,7,2
5083042,Skyler,Locklear,QB,Missouri State Bears,CUSA,9,4
5296446,Jordan,Manuel,WR,Missouri State Bears,CUSA,34,1
5146723,Isaiah,McMorris,WR,Missouri State Bears,CUSA,8,2
5227770,Brendon,McQueen,WR,Missouri State Bears,CUSA,17,2
4712886,Mekhi,Miller,WR,Missouri State Bears,CUSA,6,4
5219476,Isaiah,Myers,WR,Missouri State Bears,CUSA,13,4
5383072,Michael,Osei-Bonsu,TE,Missouri State Bears,CUSA,80,4
5278133,Brett,Ottensmeyer,QB,Missouri State Bears,CUSA,12,1
5100402,Sean,Reese,WR,Missouri State Bears,CUSA,18,4
5221049,James,Rexroat,TE,Missouri State Bears,CUSA,86,2
4869700,Antonio,Robinson,WR,Missouri State Bears,CUSA,84,4
4837193,Jmariyae,Robinson,WR,Missouri State Bears,CUSA,0,4
5383067,Devin,Staley,WR,Missouri State Bears,CUSA,42,1
5383073,Torrin,Teague,WR,Missouri State Bears,CUSA,89,1
5296451,Amare,Whetsell,WR,Missouri State Bears,CUSA,83,1
5154289,Josh,Deal,K,Missouri State Bears,CUSA,37,3
5227774,Stewart,McDonald,P,Missouri State Bears,CUSA,25,2
5155163,Yousef,Obeid,K,Missouri State Bears,CUSA,36,3
5384720,Trey,Arnold,QB,New Mexico State Aggies,CUSA,17,1
5159135,David,Barela,RB,New Mexico State Aggies,CUSA,34,3
5159137,Jayden,Bell,WR,New Mexico State Aggies,CUSA,25,3
5120866,Jalen,Brown,RB,New Mexico State Aggies,CUSA,28,3
5220790,Roscoe,Burton,RB,New Mexico State Aggies,CUSA,22,4
5384729,AJ,Carey,WR,New Mexico State Aggies,CUSA,82,1
5384731,Josiah,Castillo,WR,New Mexico State Aggies,CUSA,89,1
5152503,Adam,Damante,QB,New Mexico State Aggies,CUSA,14,3
5085698,Duke,Frye,TE,New Mexico State Aggies,CUSA,48,4
5078277,Joshua,Goines,TE,New Mexico State Aggies,CUSA,18,3
5295457,Terrione,Graves,WR,New Mexico State Aggies,CUSA,9,3
5224084,Trey,Hedden,QB,New Mexico State Aggies,CUSA,3,3
5220253,James,Jones,RB,New Mexico State Aggies,CUSA,2,4
4869443,TK,King,WR,New Mexico State Aggies,CUSA,1,4
5156057,Myles,Libman,WR,New Mexico State Aggies,CUSA,5,3
5152214,Ray,Lotten,TE,New Mexico State Aggies,CUSA,19,3
5159145,Jerry,Lydiatt,TE,New Mexico State Aggies,CUSA,86,3
5207657,Brodie,Malone-Bradford,WR,New Mexico State Aggies,CUSA,6,2
5384718,Kalani,McLeod,QB,New Mexico State Aggies,CUSA,12,2
5220785,TJ,Pride,WR,New Mexico State Aggies,CUSA,7,3
5219270,Lyndon,Ravare,WR,New Mexico State Aggies,CUSA,10,4
5289537,Xavier,Rucker,RB,New Mexico State Aggies,CUSA,16,1
5159150,Isaiah,Rudison,RB,New Mexico State Aggies,CUSA,21,4
5283063,JaDarius,Sanders,WR,New Mexico State Aggies,CUSA,81,1
4922995,Dijon,Stanley,RB,New Mexico State Aggies,CUSA,8,4
5227425,Parker,Stofa,QB,New Mexico State Aggies,CUSA,4,2
5296210,Carson,Su'esu'e,TE,New Mexico State Aggies,CUSA,88,1
5301984,Josiah,Thomas,TE,New Mexico State Aggies,CUSA,15,2
5159153,Kaden,Trevino,WR,New Mexico State Aggies,CUSA,29,3
5076584,TJ,Washington Jr.,RB,New Mexico State Aggies,CUSA,0,3
5384717,AJ,Williams III,WR,New Mexico State Aggies,CUSA,11,3
5265366,David,Barker,K,New Mexico State Aggies,CUSA,92,1
5295467,Kyah,Francone,K,New Mexico State Aggies,CUSA,40,1
5174185,Brody,Richter,P,New Mexico State Aggies,CUSA,91,4
5088938,Ilya,Uvaydov,K,New Mexico State Aggies,CUSA,17,4
5220425,DJ,Bailey,QB,Sam Houston Bearkats,CUSA,15,3
5142319,Kyan,Berry-Johnson,WR,Sam Houston Bearkats,CUSA,5,3
5220443,Darrick,Bledsoe III,WR,Sam Houston Bearkats,CUSA,0,4
5160209,Landan,Brown,RB,Sam Houston Bearkats,CUSA,10,4
5296832,Tim,Burns Jr.,WR,Sam Houston Bearkats,CUSA,3,4
5225792,Alijah,Cason,WR,Sam Houston Bearkats,CUSA,4,3
5207795,London,Deyon,TE,Sam Houston Bearkats,CUSA,14,2
5384799,MJ,Dowdy,RB,Sam Houston Bearkats,CUSA,20,1
5296823,Ah'Marion,Gaines-Smith,RB,Sam Houston Bearkats,CUSA,25,4
5220444,Terrence,Guillory II,WR,Sam Houston Bearkats,CUSA,80,3
5306480,Cade,Hays,TE,Sam Houston Bearkats,CUSA,85,2
5384797,Brett,Holloway,QB,Sam Houston Bearkats,CUSA,9,1
5212648,Mason,Holtzclaw,QB,Sam Houston Bearkats,CUSA,16,1
5265431,Brock,Kuhl,TE,Sam Houston Bearkats,CUSA,89,2
5148427,Landyn,Locke,QB,Sam Houston Bearkats,CUSA,8,2
5301576,Kamari,Maxwell,WR,Sam Houston Bearkats,CUSA,12,2
4680018,Alton,McCaskill,RB,Sam Houston Bearkats,CUSA,22,4
5384810,Jack,Merryman,TE,Sam Houston Bearkats,CUSA,86,1
5189015,Kaleb,Mitchell,WR,Sam Houston Bearkats,CUSA,11,2
5384804,Nick,Norman,RB,Sam Houston Bearkats,CUSA,43,4
5104888,Grady,O'Neill,WR,Sam Houston Bearkats,CUSA,7,4
5227793,Jerrian,Parker Jr.,RB,Sam Houston Bearkats,CUSA,6,3
5384798,Shaan,Patel,QB,Sam Houston Bearkats,CUSA,19,1
4895711,Chris,Reed,WR,Sam Houston Bearkats,CUSA,2,4
5280791,Ty,Sexton,WR,Sam Houston Bearkats,CUSA,13,1
4568237,Matt,Smith,TE,Sam Houston Bearkats,CUSA,80,4
5159290,Aviyon,Smith-Mack,WR,Sam Houston Bearkats,CUSA,1,4
5149269,Cooper,Stevens,TE,Sam Houston Bearkats,CUSA,82,3
5220427,Matthew,Tatum,WR,Sam Houston Bearkats,CUSA,84,4
5220428,Trey,Taylor,RB,Sam Houston Bearkats,CUSA,41,3
4695711,Max,Whisner,TE,Sam Houston Bearkats,CUSA,87,4
5327228,Kaden,Winkfield,RB,Sam Houston Bearkats,CUSA,24,1
5154317,Sam,Carpenter,K,Sam Houston Bearkats,CUSA,94,4
5304417,Cal,Joseph,P,Sam Houston Bearkats,CUSA,31,2
5219070,Nico,Ottomanelli,K,Sam Houston Bearkats,CUSA,81,3
5296834,Tate,Ryan,K,Sam Houston Bearkats,CUSA,83,2
5095915,Moussa,Barry,WR,Western Kentucky Hilltoppers,CUSA,3,3
5295664,Adrion,Boyd,RB,Western Kentucky Hilltoppers,CUSA,29,3
5151028,Justin,Brown,WR,Western Kentucky Hilltoppers,CUSA,22,2
4716507,Quincy,Burroughs,WR,Western Kentucky Hilltoppers,CUSA,84,3
5155579,Cameron,Flowers,WR,Western Kentucky Hilltoppers,CUSA,4,1
4432230,Jalen,Hampton,RB,Western Kentucky Hilltoppers,CUSA,23,4
4875267,George,Hart III,RB,Western Kentucky Hilltoppers,CUSA,9,4
5226313,Matthew,Henry,WR,Western Kentucky Hilltoppers,CUSA,17,4
5091828,Lofton,Howard,TE,Western Kentucky Hilltoppers,CUSA,19,2
4705859,K.D.,Hutchinson,WR,Western Kentucky Hilltoppers,CUSA,2,3
5194631,Damari,Jefferson,WR,Western Kentucky Hilltoppers,CUSA,12,1
5221143,Donovan,Jones,RB,Western Kentucky Hilltoppers,CUSA,26,1
5151128,Corey,Landers,RB,Western Kentucky Hilltoppers,CUSA,27,2
5295668,Owen,Loy,QB,Western Kentucky Hilltoppers,CUSA,14,1
4684281,Jairus,Mack,WR,Western Kentucky Hilltoppers,CUSA,5,4
5225936,Jaden,McGill,RB,Western Kentucky Hilltoppers,CUSA,25,4
4427966,Maverick,McIvor,QB,Western Kentucky Hilltoppers,CUSA,7,4
5230779,Javon,McMahan,RB,Western Kentucky Hilltoppers,CUSA,28,1
5077114,Caleb,McMickle,QB,Western Kentucky Hilltoppers,CUSA,10,2
5151137,Aiden,Miller,TE,Western Kentucky Hilltoppers,CUSA,88,2
5209596,Cross,Nimmo,TE,Western Kentucky Hilltoppers,CUSA,89,1
5147465,Tucker,Parks,QB,Western Kentucky Hilltoppers,CUSA,11,1
5162646,Marvin,Sims,WR,Western Kentucky Hilltoppers,CUSA,18,3
5214450,Fonzy,Smith,WR,Western Kentucky Hilltoppers,CUSA,24,1
5196864,Rodney,Tisdale Jr.,QB,Western Kentucky Hilltoppers,CUSA,16,1
5162645,Jaleel,Walker,WR,Western Kentucky Hilltoppers,CUSA,82,4
4431663,Jackson,West,TE,Western Kentucky Hilltoppers,CUSA,85,4
5151979,Kelby,Williams,WR,Western Kentucky Hilltoppers,CUSA,13,4
4698237,Justin,Wolf,TE,Western Kentucky Hilltoppers,CUSA,15,4
5221146,Michael,Buck,K,Western Kentucky Hilltoppers,CUSA,58,1
4689366,John,Cannon,K,Western Kentucky Hilltoppers,CUSA,39,4
4873687,Cole,Maynard,P,Western Kentucky Hilltoppers,CUSA,18,4
4806380,Jackson,Smith,K,Western Kentucky Hilltoppers,CUSA,43,3
4430897,Alex,Adams,WR,Akron Zips,MAC,7,4
5157312,Johnny,Brookhart,QB,Akron Zips,MAC,18,2
5198324,Cibastian,Broughton,QB,Akron Zips,MAC,3,1
5157315,Conner,Cravaack,TE,Akron Zips,MAC,85,2
4912281,Taven,Curry,RB,Akron Zips,MAC,26,3
5157316,Paul,Davis,WR,Akron Zips,MAC,16,2
4431091,Ben,Finley,QB,Akron Zips,MAC,10,4
5084582,Jordan,Gant,RB,Akron Zips,MAC,22,3
5152586,Chris,Gee,RB,Akron Zips,MAC,25,3
5151403,Tim,Grear Jr.,WR,Akron Zips,MAC,4,4
5295188,Troy,Hazuda,WR,Akron Zips,MAC,82,1
5305895,Jalen,Hightower,WR,Akron Zips,MAC,80,1
5076653,Brandon,Hills,WR,Akron Zips,MAC,8,2
4570048,Michael,Johnson Jr.,QB,Akron Zips,MAC,15,4
5157324,Jean,Louis III,WR,Akron Zips,MAC,9,2
5295180,Cam,Macon,RB,Akron Zips,MAC,34,3
5110019,Kyan,Mason,WR,Akron Zips,MAC,11,1
5086101,Cameron,Monteiro,WR,Akron Zips,MAC,12,1
5225254,Dominic,Monz,WR,Akron Zips,MAC,32,1
4882061,Jake,Newell,TE,Akron Zips,MAC,88,3
5146708,Sean,Patrick,RB,Akron Zips,MAC,13,1
4922992,Israel,Polk,WR,Akron Zips,MAC,5,2
5225253,Luke,Reed,RB,Akron Zips,MAC,28,1
5146903,Brayden,Roggow,QB,Akron Zips,MAC,6,1
5295187,Luke,Sivon,WR,Akron Zips,MAC,81,1
4709781,Myles,Walker,WR,Akron Zips,MAC,23,4
4244849,Marcel,Williams,WR,Akron Zips,MAC,2,1
4871050,Marquese,Williams,RB,Akron Zips,MAC,24,2
5146770,Khalil,Witherspoon,TE,Akron Zips,MAC,83,1
5153603,Joseph,Castle,P,Akron Zips,MAC,95,3
4686939,Brayden,Johnson,P,Akron Zips,MAC,34,4
5225257,Matthew,Schramm,K,Akron Zips,MAC,47,1
5153604,Owen,Wiley,K,Akron Zips,MAC,99,2
5385739,Lucas,Andresen,TE,Ball State Cardinals,MAC,44,1
5282041,Mason,Atkins,QB,Ball State Cardinals,MAC,16,1
5273946,Tayshon,Bardo,WR,Ball State Cardinals,MAC,15,1
5279136,Zach,Becker,TE,Ball State Cardinals,MAC,41,1
5265528,Jalen,Bonds,RB,Ball State Cardinals,MAC,2,1
5327501,Char'Rese,Breveard,RB,Ball State Cardinals,MAC,25,1
5162685,Leo,Collins,TE,Ball State Cardinals,MAC,81,3
5385741,Cole,Coonrod,TE,Ball State Cardinals,MAC,87,3
5385742,Ace,Cooper,WR,Ball State Cardinals,MAC,85,1
5222760,Bodie,Derrer,QB,Ball State Cardinals,MAC,18,2
5141434,Elisha,Durham,WR,Ball State Cardinals,MAC,14,2
5191056,Donovan,Hamilton,WR,Ball State Cardinals,MAC,1,2
5162689,Eli,Hohlt,WR,Ball State Cardinals,MAC,83,3
5295205,Tate,Hoover,TE,Ball State Cardinals,MAC,84,3
5077876,TJ,Horton,RB,Ball State Cardinals,MAC,4,3
5150865,Elijah,Jackson,RB,Ball State Cardinals,MAC,0,3
5075392,Keldric,Luster,QB,Ball State Cardinals,MAC,6,3
5222761,Jamarion,McDougle,WR,Ball State Cardinals,MAC,10,4
5328582,Anthony,McMullen,RB,Ball State Cardinals,MAC,21,1
5152153,Tyler,Mizzell,QB,Ball State Cardinals,MAC,9,3
5089182,CJ,Nelson,WR,Ball State Cardinals,MAC,7,4
5295207,Mason,Riggins,TE,Ball State Cardinals,MAC,8,1
5082283,Alex,Scherle,TE,Ball State Cardinals,MAC,12,4
5334229,AJ,Seymour,TE,Ball State Cardinals,MAC,42,1
5078533,Jabari,Smith Jr.,WR,Ball State Cardinals,MAC,5,3
5210022,Derion,Talbert,WR,Ball State Cardinals,MAC,80,1
5078053,Isaiah,Thacker,WR,Ball State Cardinals,MAC,11,3
5218807,Brody,Boehm,K,Ball State Cardinals,MAC,38,2
5151477,Hudson,Fiene,K,Ball State Cardinals,MAC,37,3
5091530,Carson,Holmer,K,Ball State Cardinals,MAC,98,4
5385744,Lachlan,Mathieson,P,Ball State Cardinals,MAC,19,1
5222776,Cole,Stumbaugh,P,Ball State Cardinals,MAC,92,2
5219017,Nakai,Amachree,RB,Bowling Green Falcons,MAC,2,2
5121607,Ke'Marion,Baldwin,RB,Bowling Green Falcons,MAC,4,3
5296304,Tristin,Blackmon,RB,Bowling Green Falcons,MAC,33,1
5219020,Ocean,Brabbs,TE,Bowling Green Falcons,MAC,80,2
5325587,Cade,Brooks,WR,Bowling Green Falcons,MAC,25,1
5385754,Marceles,Carey,RB,Bowling Green Falcons,MAC,20,1
5193104,Austin,Clay,WR,Bowling Green Falcons,MAC,11,2
4879925,Blane,Cleaver,TE,Bowling Green Falcons,MAC,89,4
5226828,Isaiah,Dawson,WR,Bowling Green Falcons,MAC,6,2
5147347,Austyn,Dendy,RB,Bowling Green Falcons,MAC,1,2
5385752,Dylan,Dreasky,QB,Bowling Green Falcons,MAC,15,1
5246590,Derron,Gray Jr.,TE,Bowling Green Falcons,MAC,86,1
5326942,Maddox,Hunstad,TE,Bowling Green Falcons,MAC,82,1
5193300,Eli,Jacon-Duffy,TE,Bowling Green Falcons,MAC,8,2
4912186,Trey,Johnson,WR,Bowling Green Falcons,MAC,3,4
5385753,Jay,Kastantin,QB,Bowling Green Falcons,MAC,17,3
5295265,Reece,Little,TE,Bowling Green Falcons,MAC,85,1
5281457,Carson,Lovett,RB,Bowling Green Falcons,MAC,21,1
5222582,Carsen,Melvin,TE,Bowling Green Falcons,MAC,88,1
5221234,Jarin,Mock,QB,Bowling Green Falcons,MAC,12,1
5385751,Caleb,Moyer,QB,Bowling Green Falcons,MAC,13,1
5221382,Hunter,Najm,QB,Bowling Green Falcons,MAC,10,2
4912647,Austin,Novosad,QB,Bowling Green Falcons,MAC,16,3
5385761,Reddik,Pillarelli,WR,Bowling Green Falcons,MAC,87,2
5226453,Brennan,Ridley,WR,Bowling Green Falcons,MAC,5,3
5302828,Pauly,Sadler,WR,Bowling Green Falcons,MAC,14,1
5326882,Joseph,Saffold,WR,Bowling Green Falcons,MAC,19,1
5207804,Jeremiah,Scoby,TE,Bowling Green Falcons,MAC,0,2
5193284,Winn,Sharp,WR,Bowling Green Falcons,MAC,18,2
5231360,Nick,Sowell,WR,Bowling Green Falcons,MAC,9,3
5385760,Pierce,St. Geme,WR,Bowling Green Falcons,MAC,83,2
5302829,Trent,Taylor,TE,Bowling Green Falcons,MAC,84,1
5385764,Carlos,Guerra,K,Bowling Green Falcons,MAC,95,1
5385762,Alex,Jenkins,P,Bowling Green Falcons,MAC,91,1
5177469,Travis,Kenner,K,Bowling Green Falcons,MAC,12,3
4917426,Ryan,Kingston,P,Bowling Green Falcons,MAC,30,4
5295260,Treyton,McKee,K,Bowling Green Falcons,MAC,27,1
5385766,Drew,Rosick,K,Bowling Green Falcons,MAC,97,1
5387611,Jaylen,Andrews,WR,Buffalo Bulls,MAC,2,3
5151369,Messiah,Burch,RB,Buffalo Bulls,MAC,4,4
5084704,Patrick,Clacks III,WR,Buffalo Bulls,MAC,3,3
5302819,Aaron,Clark,WR,Buffalo Bulls,MAC,88,1
5085066,Mason,Cumbie,QB,Buffalo Bulls,MAC,15,4
5295436,Dwayne,Early Jr.,WR,Buffalo Bulls,MAC,11,2
5209377,Chase,Enlow,RB,Buffalo Bulls,MAC,26,1
5387624,Jack,Eskridge,WR,Buffalo Bulls,MAC,83,1
5236366,Phillip,Folmar,WR,Buffalo Bulls,MAC,1,2
5387615,Jake,Forburger,QB,Buffalo Bulls,MAC,18,1
4710843,Jasaiah,Gathings,WR,Buffalo Bulls,MAC,8,4
5236367,Michael,Gelatko,TE,Buffalo Bulls,MAC,86,2
5216690,Nino,Hill,RB,Buffalo Bulls,MAC,0,2
5328086,Elijah,Holmes,QB,Buffalo Bulls,MAC,16,4
5387625,Aiden,Howard,TE,Buffalo Bulls,MAC,85,1
5295437,Alvin,Jones III,WR,Buffalo Bulls,MAC,9,2
5220042,Nick,Leonard,TE,Buffalo Bulls,MAC,89,3
5295438,Devare,Mathis,RB,Buffalo Bulls,MAC,21,4
5194658,Bobby,Mays,WR,Buffalo Bulls,MAC,13,3
5194659,James,McNeil Jr.,RB,Buffalo Bulls,MAC,24,3
5211776,Qur'An,McNeill,QB,Buffalo Bulls,MAC,12,1
4869601,Chance,Morrow,WR,Buffalo Bulls,MAC,6,4
5220041,Terrell,Richards,WR,Buffalo Bulls,MAC,82,4
5387621,Stone,Rozak,TE,Buffalo Bulls,MAC,45,1
5302827,TJ,Sabatucci,TE,Buffalo Bulls,MAC,81,1
5082941,Mark-Anthony,Scott Jr.,WR,Buffalo Bulls,MAC,10,4
5150003,Terrance,Shelton Jr.,RB,Buffalo Bulls,MAC,25,3
5194667,Tyrell,Simmons Jr.,WR,Buffalo Bulls,MAC,14,3
5295440,Oliver,Hautanen,K,Buffalo Bulls,MAC,31,2
5387629,Zach,McGowan,K,Buffalo Bulls,MAC,96,4
5387628,Evan,Pfeifer,P,Buffalo Bulls,MAC,95,1
5387617,Blake,Sholder,K,Buffalo Bulls,MAC,39,1
4876695,Jaden,Allen,TE,Central Michigan Chippewas,MAC,88,4
5295480,Marcus,Beamon,QB,Central Michigan Chippewas,MAC,10,4
5122147,Vaughn,Blue,RB,Central Michigan Chippewas,MAC,24,3
5157391,Jayden,Clerveaux,RB,Central Michigan Chippewas,MAC,31,4
5327593,Da'Shon,Febres,WR,Central Michigan Chippewas,MAC,83,1
5084769,Angel,Flores,QB,Central Michigan Chippewas,MAC,7,4
5221139,Shawn,Foster II,WR,Central Michigan Chippewas,MAC,16,3
5149056,Jadyn,Glasser,QB,Central Michigan Chippewas,MAC,5,1
5295481,Daniel,Gomez,QB,Central Michigan Chippewas,MAC,14,1
5387642,Jayel,Harris,RB,Central Michigan Chippewas,MAC,47,1
5387640,Kobe,Hendricks,RB,Central Michigan Chippewas,MAC,40,1
5289265,Lucas,Hoffmeyer,TE,Central Michigan Chippewas,MAC,44,1
5295482,Kendall,Jones,WR,Central Michigan Chippewas,MAC,0,4
5219540,Camden,Kruisenga,WR,Central Michigan Chippewas,MAC,12,2
4869694,Langston,Lewis,WR,Central Michigan Chippewas,MAC,20,4
4869497,Tommy,McIntosh,WR,Central Michigan Chippewas,MAC,15,4
5211741,Trav,Moore,RB,Central Michigan Chippewas,MAC,22,1
5216575,Braylen,Naves,WR,Central Michigan Chippewas,MAC,17,1
5295489,Collin,Payne,WR,Central Michigan Chippewas,MAC,86,4
5387646,Myles,Peters,TE,Central Michigan Chippewas,MAC,85,2
5302839,Avin,Robinson,WR,Central Michigan Chippewas,MAC,80,1
5301046,Dontae,Robinson,WR,Central Michigan Chippewas,MAC,84,3
5295488,Justin,Ruffin Jr.,WR,Central Michigan Chippewas,MAC,9,2
5289266,Geno,Seets,QB,Central Michigan Chippewas,MAC,18,1
5387647,Gavin,Spillers,TE,Central Michigan Chippewas,MAC,87,2
5387641,Jordan,Stapleton,RB,Central Michigan Chippewas,MAC,45,1
5219544,Landon,Swanson,TE,Central Michigan Chippewas,MAC,42,2
5146689,Brock,Townsend,RB,Central Michigan Chippewas,MAC,2,2
5151494,Tayte,Vanderleest,WR,Central Michigan Chippewas,MAC,81,3
5219537,Zac,Chapeau,K,Central Michigan Chippewas,MAC,15,2
5387643,Braxton,Doak,K,Central Michigan Chippewas,MAC,47,1
5092240,Declan,Duley,P,Central Michigan Chippewas,MAC,18,3
5252199,Caden,VanHuis,K,Central Michigan Chippewas,MAC,38,1
5387668,JT,Beasley,WR,Eastern Michigan Eagles,MAC,84,3
4608922,Braydon,Bennett,RB,Eastern Michigan Eagles,MAC,28,4
5222594,Amareon,Blue,RB,Eastern Michigan Eagles,MAC,15,2
5215696,Bryce,Button,QB,Eastern Michigan Eagles,MAC,19,2
5083205,Nick,Devereaux,WR,Eastern Michigan Eagles,MAC,81,4
5209959,Shawn,Fishwick,WR,Eastern Michigan Eagles,MAC,80,1
5148852,Antonio,Floyd,WR,Eastern Michigan Eagles,MAC,11,3
4685349,Mekhi,Fox,WR,Eastern Michigan Eagles,MAC,18,4
4917422,Quinn,Fracassi,WR,Eastern Michigan Eagles,MAC,25,4
5230792,Jackson,Holt,TE,Eastern Michigan Eagles,MAC,16,4
5387669,Kozy,Isaac,WR,Eastern Michigan Eagles,MAC,85,2
5197158,Malachi,James,RB,Eastern Michigan Eagles,MAC,21,3
5271228,Carl,Jean-Bart,WR,Eastern Michigan Eagles,MAC,89,1
5271174,Decorie,Johnson,RB,Eastern Michigan Eagles,MAC,22,1
5290699,Nazir,Jones-Davis,RB,Eastern Michigan Eagles,MAC,26,1
4690158,Noah,Kim,QB,Eastern Michigan Eagles,MAC,1,4
5161955,Nick,Kinsey,QB,Eastern Michigan Eagles,MAC,13,1
5387660,Payton,Kokaly,TE,Eastern Michigan Eagles,MAC,43,1
4918453,Tanner,Lemaster,TE,Eastern Michigan Eagles,MAC,88,4
5295532,Joshua,Long,TE,Eastern Michigan Eagles,MAC,9,3
5215428,Nate,Lyman,WR,Eastern Michigan Eagles,MAC,82,2
5211694,Harold,Mack,WR,Eastern Michigan Eagles,MAC,5,2
5125733,Joey,Mattord,RB,Eastern Michigan Eagles,MAC,24,4
5094040,Brogan,McCaughey,QB,Eastern Michigan Eagles,MAC,10,4
5293677,CJ,Miller,WR,Eastern Michigan Eagles,MAC,87,1
5387667,Bacori,Minner,WR,Eastern Michigan Eagles,MAC,83,1
5289617,Nathan,Piggott,TE,Eastern Michigan Eagles,MAC,48,1
5295525,Benson,Prosper,WR,Eastern Michigan Eagles,MAC,3,4
5278411,Armaad,Sharp,TE,Eastern Michigan Eagles,MAC,14,1
5290687,Brady,Shelton,TE,Eastern Michigan Eagles,MAC,49,1
5081130,Nathan,Dibert,K,Eastern Michigan Eagles,MAC,37,4
5175094,Daniel,Hull,P,Eastern Michigan Eagles,MAC,39,3
5220057,Rudy,Kessinger,K,Eastern Michigan Eagles,MAC,46,3
5302836,Van,Krisiloff,P,Eastern Michigan Eagles,MAC,38,1
4907672,Adam,Samaha,K,Eastern Michigan Eagles,MAC,33,3
5388312,Dylan,Armentrout,RB,Kent State Golden Flashes,MAC,26,2
5295588,Tommy,Arnold,TE,Kent State Golden Flashes,MAC,45,3
5027432,Ardell,Banks,WR,Kent State Golden Flashes,MAC,1,3
5388322,William,Bierfeldt,WR,Kent State Golden Flashes,MAC,87,1
5126524,Jakorion,Caffey,RB,Kent State Golden Flashes,MAC,5,2
5295590,Da'Realyst,Clark,WR,Kent State Golden Flashes,MAC,8,4
5150825,Donovan,Delaney Jr.,RB,Kent State Golden Flashes,MAC,25,4
5119841,Dru,DeShields,QB,Kent State Golden Flashes,MAC,12,3
5222386,Jay Jay,Etheridge,WR,Kent State Golden Flashes,MAC,3,3
5310072,Jackson,Farley,RB,Kent State Golden Flashes,MAC,24,1
4684638,Ali,Fisher,WR,Kent State Golden Flashes,MAC,19,4
5211188,Zy'aire,Fletcher,TE,Kent State Golden Flashes,MAC,11,1
5222633,Nolan,Good,QB,Kent State Golden Flashes,MAC,2,1
5146972,Ayden,Harris,RB,Kent State Golden Flashes,MAC,33,2
5147053,Wayne,Harris,WR,Kent State Golden Flashes,MAC,6,2
5078404,Marques,Hicks,RB,Kent State Golden Flashes,MAC,20,3
5212938,Teaunn,Hunter,WR,Kent State Golden Flashes,MAC,80,1
5388316,Wyatt,Januska,WR,Kent State Golden Flashes,MAC,36,1
5122047,Jared,Kelley,WR,Kent State Golden Flashes,MAC,4,3
4875755,Mason,King,RB,Kent State Golden Flashes,MAC,0,4
5258332,Garrett,Long,TE,Kent State Golden Flashes,MAC,83,1
5295595,Holtz,Maine,TE,Kent State Golden Flashes,MAC,44,1
5263587,Matthew,Maxey,WR,Kent State Golden Flashes,MAC,86,1
5388311,Cole,Miller,QB,Kent State Golden Flashes,MAC,17,1
5088143,Terik,Mulder,TE,Kent State Golden Flashes,MAC,89,4
5327609,Gavin,Peeps,QB,Kent State Golden Flashes,MAC,15,1
5326065,Zymir,Reed,WR,Kent State Golden Flashes,MAC,81,1
5388318,Andrew,Rickelman,TE,Kent State Golden Flashes,MAC,47,1
5388314,Cade,Romanini,RB,Kent State Golden Flashes,MAC,29,1
5141625,Deante,Ruffin,QB,Kent State Golden Flashes,MAC,14,1
5388323,Luke,Simms,WR,Kent State Golden Flashes,MAC,88,1
5291801,Brendyn,Smith,WR,Kent State Golden Flashes,MAC,85,1
5141694,Maurice,Stephens,WR,Kent State Golden Flashes,MAC,23,1
5388321,Aidan,Stewart,WR,Kent State Golden Flashes,MAC,84,1
5142743,Dakota,Taylor,TE,Kent State Golden Flashes,MAC,13,2
5388317,Kolten,Ford,P,Kent State Golden Flashes,MAC,42,4
5258331,Sean,Leonard,K,Kent State Golden Flashes,MAC,96,1
5194691,Tommy,Newcomb,K,Kent State Golden Flashes,MAC,49,2
5295596,Jake,Stoeckel,P,Kent State Golden Flashes,MAC,97,1
4688904,Reece,Adkins,TE,Massachusetts Minutemen,MAC,83,4
5147852,Da'Marion,Alberic,RB,Massachusetts Minutemen,MAC,4,3
5327581,Drew,Alsup,WR,Massachusetts Minutemen,MAC,85,1
4826574,Owen,Anderson,TE,Massachusetts Minutemen,MAC,87,4
5296586,John,Condakes,TE,Massachusetts Minutemen,MAC,88,3
5327583,Tavian,Dashiell,WR,Massachusetts Minutemen,MAC,15,1
5302869,TK,Davis,RB,Massachusetts Minutemen,MAC,22,1
5146743,Kezion,Dia-Johnson,WR,Massachusetts Minutemen,MAC,8,3
5092954,Max,Dowling,TE,Massachusetts Minutemen,MAC,11,4
5091384,Dallas,Elliott,WR,Massachusetts Minutemen,MAC,17,4
5264764,Elijah,Faulkner,RB,Massachusetts Minutemen,MAC,23,2
4700147,Joseph,Griffin Jr.,WR,Massachusetts Minutemen,MAC,1,4
4909541,T.Y.,Harding,WR,Massachusetts Minutemen,MAC,2,4
5298739,Logan,Inagawa,QB,Massachusetts Minutemen,MAC,16,2
5388331,Curtis,Kimmons IV,RB,Massachusetts Minutemen,MAC,14,4
5326984,Ricardo,Laboy,RB,Massachusetts Minutemen,MAC,20,3
5388332,Jabari,Lewis,WR,Massachusetts Minutemen,MAC,19,4
4361717,Justin,Lewis,RB,Massachusetts Minutemen,MAC,33,1
5209127,Jax,Markovich,TE,Massachusetts Minutemen,MAC,86,2
5161253,Devin,Matthews,WR,Massachusetts Minutemen,MAC,9,4
5327585,Aedan,McCarthy,QB,Massachusetts Minutemen,MAC,13,1
5146669,Ty,McCutcheon,QB,Massachusetts Minutemen,MAC,10,3
5289339,David,Moore Jr.,WR,Massachusetts Minutemen,MAC,12,1
5132795,Matt,Ogunniyi,TE,Massachusetts Minutemen,MAC,18,3
5281382,Kai,Owens,WR,Massachusetts Minutemen,MAC,21,1
5156115,Elijah,Pedro,WR,Massachusetts Minutemen,MAC,3,2
5218971,Will,Perry,QB,Massachusetts Minutemen,MAC,7,3
5388337,Isaiah,Simmons,WR,Massachusetts Minutemen,MAC,80,1
5388338,Josh,Tripp,TE,Massachusetts Minutemen,MAC,82,1
5212628,Matthew,Tybor,TE,Massachusetts Minutemen,MAC,89,1
5227849,Jordan,Washington,RB,Massachusetts Minutemen,MAC,0,3
5293287,Seamus,McIntyre,K,Massachusetts Minutemen,MAC,33,1
5218751,Derek,Morris,K,Massachusetts Minutemen,MAC,99,3
5296585,Edward,Phillipson,P,Massachusetts Minutemen,MAC,43,3
5388334,Michael,Streeter,P,Massachusetts Minutemen,MAC,46,2
5280838,Drew,Bellisari,QB,Miami (OH) RedHawks,MAC,11,1
5388436,Luke,Berry,QB,Miami (OH) RedHawks,MAC,19,1
5085354,Lynel,Billups-Williams,WR,Miami (OH) RedHawks,MAC,10,3
5295599,Andrew,Bjorson,WR,Miami (OH) RedHawks,MAC,82,1
5205825,Brayden,Boeing,TE,Miami (OH) RedHawks,MAC,89,1
5295601,Noam,Butbul,TE,Miami (OH) RedHawks,MAC,44,1
5301448,CJ,Castner,WR,Miami (OH) RedHawks,MAC,88,1
5142146,Thomas,Gotkowski,QB,Miami (OH) RedHawks,MAC,13,2
5388435,Caleb,Heavner,QB,Miami (OH) RedHawks,MAC,6,4
5281243,Justen,Hodge,WR,Miami (OH) RedHawks,MAC,18,1
4876642,Maleek,Huggins,WR,Miami (OH) RedHawks,MAC,1,4
5150538,Devin,Hyatt,WR,Miami (OH) RedHawks,MAC,4,3
5141795,Braylon,Isom,WR,Miami (OH) RedHawks,MAC,18,2
5164357,Carl,Jenkins,WR,Miami (OH) RedHawks,MAC,12,2
5193270,D'Shawntae,Jones,RB,Miami (OH) RedHawks,MAC,9,2
5295602,Eric,Karner,TE,Miami (OH) RedHawks,MAC,83,2
5209576,Brendan,Loftus,TE,Miami (OH) RedHawks,MAC,81,1
5295604,Gray,Maultsby,TE,Miami (OH) RedHawks,MAC,48,1
5141549,David,McComb,QB,Miami (OH) RedHawks,MAC,16,1
5153885,Rodney,Nelson,RB,Miami (OH) RedHawks,MAC,5,3
5230924,Michael,Parrish,WR,Miami (OH) RedHawks,MAC,80,3
5278635,Will,Pressley,WR,Miami (OH) RedHawks,MAC,14,1
5292857,Tristan,Reed,WR,Miami (OH) RedHawks,MAC,84,1
5017177,Keith,Reynolds,WR,Miami (OH) RedHawks,MAC,0,3
5295606,Wilson,Roberts,WR,Miami (OH) RedHawks,MAC,86,1
5214639,Lazaro,Rogers,RB,Miami (OH) RedHawks,MAC,21,2
4871003,Christian,Ross,TE,Miami (OH) RedHawks,MAC,15,3
5388439,Jackson,Ruth,WR,Miami (OH) RedHawks,MAC,27,1
5081704,Leo,Scheidler,WR,Miami (OH) RedHawks,MAC,87,4
5104821,Brady,Simmons,WR,Miami (OH) RedHawks,MAC,2,4
5148609,Quintin,Simmons,WR,Miami (OH) RedHawks,MAC,3,1
5293035,Scoop,Smith,WR,Miami (OH) RedHawks,MAC,24,1
5220095,Carter,Holden,K,Miami (OH) RedHawks,MAC,36,2
5151442,Kellan,McLaughlin,K,Miami (OH) RedHawks,MAC,38,3
4431499,Sieh,Bangura,RB,Ohio Bobcats,MAC,5,4
5295495,Tim,Boals,TE,Ohio Bobcats,MAC,87,1
4876818,Doe,Boyland,RB,Ohio Bobcats,MAC,21,4
5236380,Irving,Brown,RB,Ohio Bobcats,MAC,24,1
5167252,Duncan,Brune,RB,Ohio Bobcats,MAC,6,2
5088375,Jake,Bruno,TE,Ohio Bobcats,MAC,86,4
5126465,Tim,Carpenter,QB,Ohio Bobcats,MAC,14,1
4908401,Delaney,Crawford,WR,Ohio Bobcats,MAC,0,3
5179076,Miles,Cremascoli,WR,Ohio Bobcats,MAC,18,2
5156079,Khamani,Debrow,WR,Ohio Bobcats,MAC,2,2
4429552,Eamonn,Dennis,WR,Ohio Bobcats,MAC,10,4
5193110,Dom,Dorwart,WR,Ohio Bobcats,MAC,19,2
5295497,Matthew,Dragich,WR,Ohio Bobcats,MAC,80,3
5083305,Caleb,Gossett,WR,Ohio Bobcats,MAC,88,4
5141472,Hype,Grand,QB,Ohio Bobcats,MAC,9,1
5295498,Colton,Grover,WR,Ohio Bobcats,MAC,83,3
5228768,Blake,Guffey,WR,Ohio Bobcats,MAC,37,3
4819228,Rodney,Harris II,WR,Ohio Bobcats,MAC,11,3
5155676,Kaden,Hurst,WR,Ohio Bobcats,MAC,17,2
5158749,Alfred,Jordan Jr.,WR,Ohio Bobcats,MAC,23,4
5228772,Aiden,Lowery,TE,Ohio Bobcats,MAC,44,2
5228783,AJ,Miller,TE,Ohio Bobcats,MAC,84,2
4610131,Parker,Navarro,QB,Ohio Bobcats,MAC,13,4
5228764,Riley,Neer,WR,Ohio Bobcats,MAC,15,2
5228763,Matthew,Papas,QB,Ohio Bobcats,MAC,16,2
5265567,Rashad,Perry,WR,Ohio Bobcats,MAC,20,1
5228762,Nick,Poulos,QB,Ohio Bobcats,MAC,8,4
4711434,Eian,Pugh,WR,Ohio Bobcats,MAC,12,3
5228761,Max,Rodarte,WR,Ohio Bobcats,MAC,3,4
5148424,Nick,Segarra,TE,Ohio Bobcats,MAC,82,2
5211768,Mike,Taylor Jr.,RB,Ohio Bobcats,MAC,22,1
5295494,Kolten,Bartels,P,Ohio Bobcats,MAC,90,1
5220739,David,Dellenbach,K,Ohio Bobcats,MAC,39,1
4875744,Magnus,Haines,P,Ohio Bobcats,MAC,42,4
5156074,Alex,Kasee,K,Ohio Bobcats,MAC,47,3
5156239,Brack,Peacock,K,Ohio Bobcats,MAC,46,3
5295502,Britton,Watts,K,Ohio Bobcats,MAC,28,2
4429186,Sam,Adams II,RB,Sacramento State Hornets,MAC,28,4
5150442,Davis,Ambuehl,TE,Sacramento State Hornets,MAC,86,3
5301027,Hayden,Anderson,WR,Sacramento State Hornets,MAC,21,1
5301043,Trey,Bass,WR,Sacramento State Hornets,MAC,80,1
5152797,Curron,Borders,RB,Sacramento State Hornets,MAC,14,2
5301029,Elias,Brown,RB,Sacramento State Hornets,MAC,23,3
5225836,Ajon,Bryant,RB,Sacramento State Hornets,MAC,17,1
5079370,Ernest,Campbell,WR,Sacramento State Hornets,MAC,13,1
4696273,Tim,Conerly,WR,Sacramento State Hornets,MAC,8,4
5083848,Jamar,Curtis,RB,Sacramento State Hornets,MAC,1,4
5301055,Guy,Fernandez III,WR,Sacramento State Hornets,MAC,81,1
5301045,Jaxon,Fresques,WR,Sacramento State Hornets,MAC,83,1
5148629,Drey,Garner,WR,Sacramento State Hornets,MAC,14,1
4431328,Rodney,Hammond Jr.,RB,Sacramento State Hornets,MAC,2,4
4918094,Damian,Henderson II,RB,Sacramento State Hornets,MAC,4,2
5301047,Elijah,Huddle,TE,Sacramento State Hornets,MAC,85,1
4696976,Michael,Johnson,RB,Sacramento State Hornets,MAC,24,4
5141531,Jamar,Malone,QB,Sacramento State Hornets,MAC,6,1
5084291,Damien,McDaniel,WR,Sacramento State Hornets,MAC,9,1
5225868,Gavin,Nelson,TE,Sacramento State Hornets,MAC,87,3
5301026,Tye,Nickens,WR,Sacramento State Hornets,MAC,18,1
4690811,Savion,Red,RB,Sacramento State Hornets,MAC,0,4
5301028,Jaquail,Smith,RB,Sacramento State Hornets,MAC,22,1
5152796,Onterrio,Smith Jr.,WR,Sacramento State Hornets,MAC,12,2
4577980,Luke,Sprague,QB,Sacramento State Hornets,MAC,15,4
5086618,Logan,Tanner,TE,Sacramento State Hornets,MAC,19,2
4574964,Gavin,Thomson,WR,Sacramento State Hornets,MAC,11,4
4912040,Jordan,Williams,TE,Sacramento State Hornets,MAC,16,3
4833629,Jace,Wilson,WR,Sacramento State Hornets,MAC,10,3
5301051,Hamish,Adams,P,Sacramento State Hornets,MAC,96,1
5091586,Joseph,Firebaugh,K,Sacramento State Hornets,MAC,99,3
5098950,Cal,McGough,P,Sacramento State Hornets,MAC,91,4
5158467,Grant,Meadors,K,Sacramento State Hornets,MAC,49,2
5225864,Mike,Melanson,P,Sacramento State Hornets,MAC,46,4
5230932,Daryl,Barnett Jr.,WR,Toledo Rockets,MAC,26,1
5084698,Tashi,Braceful,WR,Toledo Rockets,MAC,14,1
4812374,Terrell,Crosby Jr.,WR,Toledo Rockets,MAC,5,3
5151692,Jake,DeHaan,QB,Toledo Rockets,MAC,13,2
4429129,Mike,Drennen II,RB,Toledo Rockets,MAC,25,3
5125726,CC,Ezirim,TE,Toledo Rockets,MAC,85,3
4429801,Tucker,Gleason,QB,Toledo Rockets,MAC,4,4
5162858,Bryson,Hammer,WR,Toledo Rockets,MAC,12,2
4879810,Eric,Holley III,WR,Toledo Rockets,MAC,81,4
5295445,Maximus,Howard,TE,Toledo Rockets,MAC,90,1
4710848,Connor,Jones,TE,Toledo Rockets,MAC,34,4
5220123,Lucas,Laroche,RB,Toledo Rockets,MAC,22,4
5220133,Sam,Lee,TE,Toledo Rockets,MAC,43,3
5257269,Omar,Mims Jr.,WR,Toledo Rockets,MAC,83,1
5200190,Walter,Moses,QB,Toledo Rockets,MAC,11,1
5220125,Dane,Nauman,RB,Toledo Rockets,MAC,27,1
5295450,Sean,Persson,TE,Toledo Rockets,MAC,88,2
4879073,Jacob,Petersen,TE,Toledo Rockets,MAC,89,4
5082330,John Alan,Richter,QB,Toledo Rockets,MAC,6,3
5109511,Cooper,Rusk,WR,Toledo Rockets,MAC,13,3
5211696,Noah,Sanders,RB,Toledo Rockets,MAC,23,1
4683272,Willie,Shaw III,RB,Toledo Rockets,MAC,32,4
5125746,Donivon,Thomas,TE,Toledo Rockets,MAC,86,2
4837200,Junior,Vandeross III,WR,Toledo Rockets,MAC,2,4
5078063,Connor,Walendzak,RB,Toledo Rockets,MAC,24,3
5295452,Deshaun,Williams,WR,Toledo Rockets,MAC,28,1
5211771,Kadale,Williams,RB,Toledo Rockets,MAC,,1
4590295,Thomas,Zsiros,WR,Toledo Rockets,MAC,84,4
5151693,Emilio,Duran,K,Toledo Rockets,MAC,36,3
5295451,Anthony,Ruggles,K,Toledo Rockets,MAC,39,1
5296172,Keivin,Boone-Nelson II,WR,Western Michigan Broncos,MAC,84,3
4880449,Blake,Bosma,TE,Western Michigan Broncos,MAC,86,4
4876662,Michael,Brescia,TE,Western Michigan Broncos,MAC,2,4
5075962,Baylin,Brooks,WR,Western Michigan Broncos,MAC,82,2
5144956,Ryan,Brotherton,TE,Western Michigan Broncos,MAC,83,1
5085006,Jalen,Buckley,RB,Western Michigan Broncos,MAC,6,3
4917858,Cole,Cabana,RB,Western Michigan Broncos,MAC,4,2
5164351,Aveion,Chenault,WR,Western Michigan Broncos,MAC,18,1
4880181,Cade,Conley,TE,Western Michigan Broncos,MAC,15,3
5296164,Chase,Dawkins,RB,Western Michigan Broncos,MAC,21,1
4710744,Malique,Dieudonne,WR,Western Michigan Broncos,MAC,17,4
5296173,Don-Ray,Hall Jr.,WR,Western Michigan Broncos,MAC,88,3
5124516,Tre',Hartwell,RB,Western Michigan Broncos,MAC,26,2
5220161,JR,Hays,WR,Western Michigan Broncos,MAC,27,2
4880447,Cam,Hedgecock,WR,Western Michigan Broncos,MAC,80,4
5214656,Vance,Holtz,QB,Western Michigan Broncos,MAC,19,1
4683561,Mareyohn,Hrabowski,TE,Western Michigan Broncos,MAC,7,4
5296163,Brady,Jones,QB,Western Michigan Broncos,MAC,10,3
5085003,Mark,Konecny,QB,Western Michigan Broncos,MAC,16,3
4587702,Christian,Leary,WR,Western Michigan Broncos,MAC,1,4
5074245,Broc,Lowry,QB,Western Michigan Broncos,MAC,12,2
5086095,Terence,Marshall,WR,Western Michigan Broncos,MAC,11,2
5296166,Ofa,Mataele,RB,Western Michigan Broncos,MAC,24,3
5296171,Earnest,McDaniel-Mitchell,WR,Western Michigan Broncos,MAC,81,4
5296162,Devin,Miles,RB,Western Michigan Broncos,MAC,5,3
5155273,Egypt,Nelson,WR,Western Michigan Broncos,MAC,8,3
5266860,Braden,Peevy,WR,Western Michigan Broncos,MAC,85,1
5145473,Mason,Reynolds,QB,Western Michigan Broncos,MAC,13,1
5211210,Brady,Rhoad,TE,Western Michigan Broncos,MAC,87,1
5150296,Larry,Robinson,QB,Western Michigan Broncos,MAC,23,2
5220155,Nathan,Sines,TE,Western Michigan Broncos,MAC,40,2
5215313,Camden,Thompson,WR,Western Michigan Broncos,MAC,22,1
4686813,Anthony,Beacom,P,Western Michigan Broncos,MAC,35,4
4912229,Palmer,Domschke,K,Western Michigan Broncos,MAC,20,4
5150707,Ryan,Millmore,P,Western Michigan Broncos,MAC,25,2
4884930,Hunter,Smith,K,Western Michigan Broncos,MAC,31,4
5223119,Owen,Allen,RB,Air Force Falcons,MWC,2,4
5388388,Henry,Barbisch,TE,Air Force Falcons,MWC,82,2
5295009,Keegan,Bass,WR,Air Force Falcons,MWC,22,3
5223152,Mitchell,Blakeslee,TE,Air Force Falcons,MWC,85,4
5388358,Caleb,Cappuccio,WR,Air Force Falcons,MWC,17,2
5295016,Harry,Caskey,TE,Air Force Falcons,MWC,87,3
5223117,Owen,Chambers,WR,Air Force Falcons,MWC,0,4
5223131,Rocco,Conti,RB,Air Force Falcons,MWC,44,4
5238876,Jonah,Dawson,WR,Air Force Falcons,MWC,8,3
5388360,Chase,Ferrell,RB,Air Force Falcons,MWC,21,2
5295007,Brody,Fortunati,QB,Air Force Falcons,MWC,12,3
5295014,Astin,Hange,WR,Air Force Falcons,MWC,36,3
5295013,Mason,Hayes,WR,Air Force Falcons,MWC,18,3
5388387,Dominic,Henning,TE,Air Force Falcons,MWC,81,2
5223112,Kemper,Hodges,QB,Air Force Falcons,MWC,4,4
5223149,Adam,Hrynciw,WR,Air Force Falcons,MWC,10,4
5223108,Josh,Johnson,QB,Air Force Falcons,MWC,11,4
5223147,Simon,Kibbee,TE,Air Force Falcons,MWC,80,4
5295006,Jackson,King,QB,Air Force Falcons,MWC,14,3
5238869,Matt,Long,WR,Air Force Falcons,MWC,3,3
5295012,Mason,Lowe,WR,Air Force Falcons,MWC,33,3
5309672,Sylas,Maiava-Alaimalo,WR,Air Force Falcons,MWC,29,2
5223110,Maguire,Martin,QB,Air Force Falcons,MWC,13,4
5388390,Noah,McNair,WR,Air Force Falcons,MWC,89,2
5306440,Evan,Medders,QB,Air Force Falcons,MWC,5,2
5388370,Oswaldo,Morales,RB,Air Force Falcons,MWC,34,2
5388373,Jack,Petrissans,TE,Air Force Falcons,MWC,42,2
5309674,Carter,Cremascoli,K,Air Force Falcons,MWC,90,2
5238880,Rocco,D'Angelo,P,Air Force Falcons,MWC,98,3
5238879,Will,Duncan,P,Air Force Falcons,MWC,94,3
5238870,Jacob,Medina,K,Air Force Falcons,MWC,39,3
5165726,Bryce,Olson,K,Air Force Falcons,MWC,93,4
5165749,Rip,Perez,P,Air Force Falcons,MWC,91,4
5173623,Frank,Abreu,TE,Hawai'i Rainbow Warriors,MWC,81,1
5101124,Micah,Alejado,QB,Hawai'i Rainbow Warriors,MWC,12,2
4917119,Devin,Alves,WR,Hawai'i Rainbow Warriors,MWC,11,4
5084135,Pofele,Ashlock,WR,Hawai'i Rainbow Warriors,MWC,5,4
5158916,Matthew,Bailiff,TE,Hawai'i Rainbow Warriors,MWC,46,3
4869582,Cam,Barfield,RB,Hawai'i Rainbow Warriors,MWC,0,4
5388744,Noah,Bartley,RB,Hawai'i Rainbow Warriors,MWC,31,4
5302881,Dillon,Booth,WR,Hawai'i Rainbow Warriors,MWC,84,1
5388742,Hazyn,Botelho,QB,Hawai'i Rainbow Warriors,MWC,16,1
5081863,Carson,Brown,WR,Hawai'i Rainbow Warriors,MWC,3,4
5085972,Kainoa,Carvalho,WR,Hawai'i Rainbow Warriors,MWC,6,1
5158917,Nick,Delgadillo,WR,Hawai'i Rainbow Warriors,MWC,17,3
5150635,Koa,Eldredge,WR,Hawai'i Rainbow Warriors,MWC,13,4
5302884,Vainuupo,Fanuaea,TE,Hawai'i Rainbow Warriors,MWC,87,1
5218882,Josiah,Fetui,WR,Hawai'i Rainbow Warriors,MWC,83,2
5291002,TJ,Fo'ilefutu,RB,Hawai'i Rainbow Warriors,MWC,28,1
5388749,Brandon,Gaea,WR,Hawai'i Rainbow Warriors,MWC,86,1
5146748,Tre',Griffiths,WR,Hawai'i Rainbow Warriors,MWC,7,2
5079499,Audric,Harris,WR,Hawai'i Rainbow Warriors,MWC,2,3
5280596,Robert,Haynes IV,WR,Hawai'i Rainbow Warriors,MWC,80,1
5193299,Jarvis,Heimuli,WR,Hawai'i Rainbow Warriors,MWC,4,2
5388750,Anthony,Hickman,TE,Hawai'i Rainbow Warriors,MWC,88,2
5388741,Isaac,Jaramilla-Phe,QB,Hawai'i Rainbow Warriors,MWC,14,4
5211117,Bjorn,Jurgensen,QB,Hawai'i Rainbow Warriors,MWC,10,1
5218880,Blaze,Kamoku,WR,Hawai'i Rainbow Warriors,MWC,18,4
5229929,Diezel,Kamoku,WR,Hawai'i Rainbow Warriors,MWC,19,2
5151465,Micah,Kaonohi-Kaihenui,TE,Hawai'i Rainbow Warriors,MWC,45,4
5148777,Titan,Lacaden,RB,Hawai'i Rainbow Warriors,MWC,22,1
5218869,Sitani,Mikaele,RB,Hawai'i Rainbow Warriors,MWC,26,2
5079651,DeVon,Rice,RB,Hawai'i Rainbow Warriors,MWC,1,2
4869316,Oakie,Salave'a,TE,Hawai'i Rainbow Warriors,MWC,85,4
5388743,James,Steffany-Fiame,RB,Hawai'i Rainbow Warriors,MWC,30,1
4819259,Devon,Tauaefa,TE,Hawai'i Rainbow Warriors,MWC,9,4
5299904,Hudson,Borsari,K,Hawai'i Rainbow Warriors,MWC,16,1
5293824,Gehrig,Heil,P,Hawai'i Rainbow Warriors,MWC,47,1
5388746,Gannon,Miller,P,Hawai'i Rainbow Warriors,MWC,43,1
5295256,Sean,Olvera-Harle,K,Hawai'i Rainbow Warriors,MWC,98,4
5216506,DJ,Asiasi,TE,Nevada Wolf Pack,MWC,16,1
5084959,Kola,Babalola,TE,Nevada Wolf Pack,MWC,15,4
4819250,AJ,Bianco,QB,Nevada Wolf Pack,MWC,10,4
5103836,Marshaun,Brown,WR,Nevada Wolf Pack,MWC,9,3
5084703,Daijon,Calimon,WR,Nevada Wolf Pack,MWC,8,2
5153499,Donnie,Cheers,WR,Nevada Wolf Pack,MWC,85,3
5151405,Jaceon,Doss,WR,Nevada Wolf Pack,MWC,3,4
5077500,Luke,Duncan,QB,Nevada Wolf Pack,MWC,12,3
5219600,Carter,Eck,TE,Nevada Wolf Pack,MWC,83,2
5219598,Trace,Estes,TE,Nevada Wolf Pack,MWC,81,2
5226511,Gary,Givens III,WR,Nevada Wolf Pack,MWC,7,3
5388803,Alex,Grush,WR,Nevada Wolf Pack,MWC,30,1
5388802,Don,Henry,WR,Nevada Wolf Pack,MWC,18,3
5148658,Carter,Jackson,RB,Nevada Wolf Pack,MWC,4,1
5388800,Janerious,Jackson,RB,Nevada Wolf Pack,MWC,2,3
5205097,Carter,Jones,QB,Nevada Wolf Pack,MWC,6,2
5265178,Dominic,Kelley,RB,Nevada Wolf Pack,MWC,0,2
5258475,Mack,Kump,WR,Nevada Wolf Pack,MWC,19,1
5296356,Kaden,Martirano,QB,Nevada Wolf Pack,MWC,17,1
5158756,Damien,Morgan,WR,Nevada Wolf Pack,MWC,11,4
5292044,Amari,Nash,WR,Nevada Wolf Pack,MWC,87,1
5151791,Jayden,O'Rourke,TE,Nevada Wolf Pack,MWC,82,4
5265175,Bronwyn,Rios,RB,Nevada Wolf Pack,MWC,24,1
4683297,Gerick,Robinson,WR,Nevada Wolf Pack,MWC,14,4
5281139,Darren,Schmitt,TE,Nevada Wolf Pack,MWC,80,1
5265060,Reeve,Slone,QB,Nevada Wolf Pack,MWC,5,1
5332898,Mekai,Smith,RB,Nevada Wolf Pack,MWC,26,1
5290856,Joe,Stimpson,WR,Nevada Wolf Pack,MWC,86,1
5220671,Herschel,Turner,RB,Nevada Wolf Pack,MWC,1,3
5326061,Deven,Vigue,WR,Nevada Wolf Pack,MWC,84,1
5388810,Benjamin,Wheeler,TE,Nevada Wolf Pack,MWC,89,3
5159069,Isaiah,Williams,WR,Nevada Wolf Pack,MWC,13,1
5290783,Perrion,Williams,WR,Nevada Wolf Pack,MWC,88,1
5388812,Ewan,Baulch,P,Nevada Wolf Pack,MWC,95,1
5388815,Jacob,Fernandez,K,Nevada Wolf Pack,MWC,99,1
4690467,Joe,McFadden,K,Nevada Wolf Pack,MWC,84,4
5326448,Kyle,Nelson,K,Nevada Wolf Pack,MWC,98,1
5388849,Mikey,Beck,WR,New Mexico Lobos,MWC,83,2
5296600,Aldin,Bilalbegovic,TE,New Mexico Lobos,MWC,86,2
5265474,Darrion,Bowers,RB,New Mexico Lobos,MWC,20,2
5165109,Deshaun,Buchanan,RB,New Mexico Lobos,MWC,8,4
5296598,KJ,Cherry,WR,New Mexico Lobos,MWC,26,3
5282659,DJ,Darling,WR,New Mexico Lobos,MWC,14,1
5228799,Kader,Diop,WR,New Mexico Lobos,MWC,9,4
5261479,Toa,Fa'avae,QB,New Mexico Lobos,MWC,13,2
5326947,Bailen,George,WR,New Mexico Lobos,MWC,81,1
5166161,Scottre,Humphrey,RB,New Mexico Lobos,MWC,22,4
5296597,JT,Jeter,WR,New Mexico Lobos,MWC,82,2
5219572,Cade,Keith,TE,New Mexico Lobos,MWC,88,3
5228804,James,Laubstein,QB,New Mexico Lobos,MWC,12,4
5083171,Jack,Layne,QB,New Mexico Lobos,MWC,2,4
5291796,Max,Leeper,TE,New Mexico Lobos,MWC,80,1
5326949,Jacob,Maldonado,WR,New Mexico Lobos,MWC,16,1
5296599,Simon,Mapa,TE,New Mexico Lobos,MWC,85,4
5295363,Cameron,Mathews,RB,New Mexico Lobos,MWC,23,2
4685458,Shawn,Miller,WR,New Mexico Lobos,MWC,1,4
5181311,Massiah,Mingo,WR,New Mexico Lobos,MWC,11,1
5291751,Cade,Mitchell,QB,New Mexico Lobos,MWC,15,1
5122887,Luke,Moga,QB,New Mexico Lobos,MWC,10,3
5388850,Trey,Moore,TE,New Mexico Lobos,MWC,84,1
5296588,Gabriel,Motschenbacher,QB,New Mexico Lobos,MWC,3,3
5079655,Joey,Olsen,TE,New Mexico Lobos,MWC,4,3
4430827,Troy,Omeire,WR,New Mexico Lobos,MWC,5,4
5323149,Dorian,Patterson,WR,New Mexico Lobos,MWC,25,1
5146726,Kiefer,Sibley,RB,New Mexico Lobos,MWC,21,3
5296587,Zhaiel,Smith,WR,New Mexico Lobos,MWC,6,2
5141712,Bear,Tenney,TE,New Mexico Lobos,MWC,17,2
5122287,Grant,Glasgow,K,New Mexico Lobos,MWC,31,4
5089328,Michael,Kern,P,New Mexico Lobos,MWC,19,3
5295669,Konner,Olson,K,New Mexico Lobos,MWC,95,4
5302600,Nick,Romero,K,New Mexico Lobos,MWC,41,2
5092308,Charles,Steinkamp,P,New Mexico Lobos,MWC,35,4
5297927,Preston,Brown,QB,North Dakota State Bison,MWC,0,2
4832952,Mekhi,Collins,WR,North Dakota State Bison,MWC,15,4
5228026,Logan,Conklin,WR,North Dakota State Bison,MWC,84,2
5297937,Gabriel,Cunningham,TE,North Dakota State Bison,MWC,9,1
5388951,Cash,Danner,TE,North Dakota State Bison,MWC,43,1
5156994,Trey,Drake,QB,North Dakota State Bison,MWC,10,3
5388941,Myles,Ellis,WR,North Dakota State Bison,MWC,12,1
5297942,Isaac,Ellison,TE,North Dakota State Bison,MWC,88,1
5087160,John,Gores,WR,North Dakota State Bison,MWC,19,4
5297958,SJ,Green,WR,North Dakota State Bison,MWC,82,1
5388956,Colten,Gunderson,TE,North Dakota State Bison,MWC,49,1
5157005,Jonathan,Harvey,RB,North Dakota State Bison,MWC,34,4
5087156,Nathan,Hayes,QB,North Dakota State Bison,MWC,2,4
5388946,Joaquin,Jordan,WR,North Dakota State Bison,MWC,27,1
5228015,Reis,Kessel,TE,North Dakota State Bison,MWC,81,2
5297929,Chris,Kiel,WR,North Dakota State Bison,MWC,21,1
5228005,Jacob,Kilzer,WR,North Dakota State Bison,MWC,80,2
5087169,Luke,Kokat,TE,North Dakota State Bison,MWC,44,4
5310992,Barry,Kpeenu,RB,North Dakota State Bison,MWC,32,2
5150682,Cortez,LeGrant,RB,North Dakota State Bison,MWC,28,3
4912254,Jordan,McCants,WR,North Dakota State Bison,MWC,11,4
5297931,Myles,Mitchell,RB,North Dakota State Bison,MWC,5,1
5157026,Abraham,Myers,TE,North Dakota State Bison,MWC,96,3
5388942,Henry,Nelson,QB,North Dakota State Bison,MWC,16,1
5297960,Noah,Nelson,TE,North Dakota State Bison,MWC,87,1
5388963,Tochi,Okoro,WR,North Dakota State Bison,MWC,89,3
5150681,Cade,Osterman,WR,North Dakota State Bison,MWC,83,3
5219140,Jeremiah,Patterson,WR,North Dakota State Bison,MWC,8,4
5157399,Nyeoti,Punni,RB,North Dakota State Bison,MWC,4,4
5297930,Charles,Ross III,RB,North Dakota State Bison,MWC,22,1
5388945,Godson,Rufus-Okomhanru,RB,North Dakota State Bison,MWC,25,1
5388943,Kye,Schlichting,WR,North Dakota State Bison,MWC,23,1
5297928,Drake,Schlosser,WR,North Dakota State Bison,MWC,20,1
5154224,DJ,Scott,RB,North Dakota State Bison,MWC,7,3
5297926,Zander,Smith,QB,North Dakota State Bison,MWC,13,1
5228004,Isiah,St. Romain,WR,North Dakota State Bison,MWC,17,2
5087313,Aaron,Bickerton,P,North Dakota State Bison,MWC,39,4
5087165,Drew,Klein,K,North Dakota State Bison,MWC,37,4
5092215,Caleb,McGrath,P,North Dakota State Bison,MWC,51,3
5388950,Jayden,Onuonga,K,North Dakota State Bison,MWC,38,1
5327570,Braylon,Agee,WR,Northern Illinois Huskies,MWC,80,1
5290891,Bryshawn,Brown,QB,Northern Illinois Huskies,MWC,10,1
5193292,La'Don,Bryant,WR,Northern Illinois Huskies,MWC,0,2
5388916,Tavaris,Coles,WR,Northern Illinois Huskies,MWC,12,3
5296146,Reginald,Craig,RB,Northern Illinois Huskies,MWC,32,1
5291180,Jaidaun,Cranford,RB,Northern Illinois Huskies,MWC,20,1
5210128,Brady,Davidson,QB,Northern Illinois Huskies,MWC,2,2
4881032,Taron,Dickens,QB,Northern Illinois Huskies,MWC,5,3
5193277,George,Dimopoulos,WR,Northern Illinois Huskies,MWC,9,3
5327572,Justin,Faulkner,WR,Northern Illinois Huskies,MWC,,1
5219946,Jason,Fowler,TE,Northern Illinois Huskies,MWC,83,2
5279649,Jermaine,Green,WR,Northern Illinois Huskies,MWC,21,1
5244226,Caleb,Haack,TE,Northern Illinois Huskies,MWC,82,1
5222599,Devin,Habermehl,TE,Northern Illinois Huskies,MWC,49,2
5388919,Ean,Hamric,QB,Northern Illinois Huskies,MWC,15,4
5388921,Brady,Hasquin,TE,Northern Illinois Huskies,MWC,,1
5388922,Kevin,Holmes Jr.,WR,Northern Illinois Huskies,MWC,13,3
5388923,Da'sean,Howard,RB,Northern Illinois Huskies,MWC,,1
5264660,Afy,Ibekwe,WR,Northern Illinois Huskies,MWC,6,1
5327573,Asa,Johnson,QB,Northern Illinois Huskies,MWC,,1
5193302,Telly,Johnson Jr.,RB,Northern Illinois Huskies,MWC,45,3
5257267,Tyler,Klaner,TE,Northern Illinois Huskies,MWC,89,1
5388926,Cole,Latimer,QB,Northern Illinois Huskies,MWC,,1
5084310,Kenji,Lewis,WR,Northern Illinois Huskies,MWC,4,4
4884086,Jalen,Macon,QB,Northern Illinois Huskies,MWC,14,4
5388929,Kelan,McInerney,WR,Northern Illinois Huskies,MWC,,2
5302862,Zaire,McKinney,WR,Northern Illinois Huskies,MWC,88,1
5219932,Elijah,Porter,RB,Northern Illinois Huskies,MWC,24,2
5296150,DeAree,Rogers,WR,Northern Illinois Huskies,MWC,1,4
5215176,Liam,Russo,TE,Northern Illinois Huskies,MWC,87,1
5193285,Joe,Stein,TE,Northern Illinois Huskies,MWC,85,2
5219936,Rickey,Taylor Jr.,WR,Northern Illinois Huskies,MWC,3,2
5296147,Jake,Ference,P,Northern Illinois Huskies,MWC,36,2
5388925,Carter,Klementzos,P,Northern Illinois Huskies,MWC,,1
5265497,JJ,Schlenhardt,K,Northern Illinois Huskies,MWC,33,1
5087067,Ryan,Short,K,Northern Illinois Huskies,MWC,39,4
5296610,Tama,Amisone,WR,San José State Spartans,MWC,7,2
5079299,Jordan,Anderson,WR,San José State Spartans,MWC,0,2
5228911,Sir,Autry,RB,San José State Spartans,MWC,24,1
5210485,Braiden,Bachich-Dixon,TE,San José State Spartans,MWC,82,1
4685254,Jabari,Bates,RB,San José State Spartans,MWC,6,4
5222674,Ryan,Boultwood,TE,San José State Spartans,MWC,88,3
4870662,Isaiah,Carlson,RB,San José State Spartans,MWC,21,3
5161012,Carson,Clark,WR,San José State Spartans,MWC,1,1
5388991,Aaron,Cox Jr.,RB,San José State Spartans,MWC,28,1
5163847,Max,Friedman,TE,San José State Spartans,MWC,84,2
5296620,Jeremiah,Fung,WR,San José State Spartans,MWC,80,1
5161386,Cody,Hall,WR,San José State Spartans,MWC,19,4
5296614,Trace,Hernandez,WR,San José State Spartans,MWC,18,2
5291815,Courshawn,Hill,RB,San José State Spartans,MWC,26,1
5151342,Cooper,Hoch,WR,San José State Spartans,MWC,13,3
4685396,Anthony,Ivey,WR,San José State Spartans,MWC,10,4
5125784,Tyler,Jacklich,RB,San José State Spartans,MWC,22,3
5334338,Shane,Kiley,TE,San José State Spartans,MWC,85,1
5151350,Kamaehu,Kopa-Kaawalauole,TE,San José State Spartans,MWC,83,3
5220598,CJ,Lee,QB,San José State Spartans,MWC,16,2
4920229,Jerry,McClure,WR,San José State Spartans,MWC,2,3
5205684,Robert,McDaniel,QB,San José State Spartans,MWC,8,1
5219662,Dominique,McKenzie,WR,San José State Spartans,MWC,4,2
5214408,Jase,Nix,WR,San José State Spartans,MWC,9,1
5281572,Devin,Olmande,WR,San José State Spartans,MWC,23,1
4870994,Malachi,Riley,WR,San José State Spartans,MWC,11,3
5215357,Daniel,Rolovich,QB,San José State Spartans,MWC,5,1
5296613,Ryker,Ruelas,WR,San José State Spartans,MWC,17,1
5151338,Viliami,Teu,RB,San José State Spartans,MWC,20,3
5200379,Parris,Vernon Jr.,WR,San José State Spartans,MWC,33,1
5295238,Luke,Weaver,QB,San José State Spartans,MWC,3,4
5220616,Mathias,Brown,K,San José State Spartans,MWC,99,3
5085193,Trent,Carrizosa,P,San José State Spartans,MWC,49,4
5388992,Joey,Fernandez,K,San José State Spartans,MWC,29,3
5298628,Trajan,Sinatra,K,San José State Spartans,MWC,36,3
4870607,Jackson,Arnold,QB,UNLV Rebels,MWC,11,4
5145523,Jae,Beasley II,TE,UNLV Rebels,MWC,43,3
5200367,Tatum,Bell Jr.,WR,UNLV Rebels,MWC,15,1
5295301,Danny,Boden,WR,UNLV Rebels,MWC,19,1
4685289,Keyan,Burnett,TE,UNLV Rebels,MWC,84,4
4872961,Matt,Byrnes,TE,UNLV Rebels,MWC,85,4
5291092,Vincent,Carner,WR,UNLV Rebels,MWC,81,1
5164307,Sebastian,Circo,QB,UNLV Rebels,MWC,13,1
5389953,Andreas,Diaz-Nicolaidis,TE,UNLV Rebels,MWC,89,1
5209180,Derek,Garcia,QB,UNLV Rebels,MWC,14,1
4808744,Jaylon,Glover,RB,UNLV Rebels,MWC,0,4
5276640,Jesse,Harden,WR,UNLV Rebels,MWC,80,1
5125768,DeAngelo,Irvin Jr.,WR,UNLV Rebels,MWC,4,4
5295314,Velltray,Jefferson,TE,UNLV Rebels,MWC,88,4
5125730,Darrien,Jones,RB,UNLV Rebels,MWC,24,3
4940235,Taeshaun,Lyons,WR,UNLV Rebels,MWC,8,3
5295302,Mohammad,Maali,RB,UNLV Rebels,MWC,29,4
5149831,Kayden,McGee,WR,UNLV Rebels,MWC,6,2
5156153,Tavian,McNair,WR,UNLV Rebels,MWC,5,1
5196893,Cassidee,Miles,WR,UNLV Rebels,MWC,83,1
5279261,Demari,Nunley,WR,UNLV Rebels,MWC,87,1
4685495,Alex,Orji,QB,UNLV Rebels,MWC,1,4
4870965,Taz,Reddicks,WR,UNLV Rebels,MWC,2,3
4587722,Troy,Stellato,WR,UNLV Rebels,MWC,10,4
5125754,Jai'Den,Thomas,RB,UNLV Rebels,MWC,9,4
5220629,David,Titone-Perez,WR,UNLV Rebels,MWC,86,2
5389945,Brayden,Baker,K,UNLV Rebels,MWC,35,1
5295513,Matt,Choules,P,UNLV Rebels,MWC,26,1
5389950,Noah,Randazzo,K,UNLV Rebels,MWC,49,1
5389947,Ethan,Schwartz,P,UNLV Rebels,MWC,39,2
5390024,Chance,Bell,TE,UTEP Miners,MWC,87,3
5196350,Jaylan,Brown,WR,UTEP Miners,MWC,7,2
5302796,Johan,Camacho,TE,UTEP Miners,MWC,89,1
5196568,Rafeald,Campbell,WR,UTEP Miners,MWC,18,2
5141402,Royal,Capell,WR,UTEP Miners,MWC,11,2
5168770,Carver,Cheeks,WR,UTEP Miners,MWC,5,4
5172260,Cash,Cheeks,TE,UTEP Miners,MWC,4,3
5141395,EJ,Colson Jr.,QB,UTEP Miners,MWC,1,2
5151181,Judah,Ezinwa,TE,UTEP Miners,MWC,82,4
5148710,Mason,Ferguson,WR,UTEP Miners,MWC,16,2
5238340,Jamal,Frilot,TE,UTEP Miners,MWC,83,1
5223789,Nik,Henry,WR,UTEP Miners,MWC,13,2
5296560,Zo,Hill,WR,UTEP Miners,MWC,25,1
5390016,Chris,Hunter,RB,UTEP Miners,MWC,22,3
5327563,Jacaleb,Johnson,WR,UTEP Miners,MWC,80,1
4685418,Tavorus,Jones,RB,UTEP Miners,MWC,0,3
5390014,Braesen,Leon,QB,UTEP Miners,MWC,15,2
5221272,Elijah,McCoy,RB,UTEP Miners,MWC,6,2
5390015,Jaden,Moore,RB,UTEP Miners,MWC,21,3
5232049,Raymond,Moore III,QB,UTEP Miners,MWC,12,2
5390023,Jeremiah,Nash,WR,UTEP Miners,MWC,81,3
5279211,Benny,Okwura,TE,UTEP Miners,MWC,88,1
5296559,CJ,Simon,WR,UTEP Miners,MWC,24,1
5302802,Daveon,Singleton,RB,UTEP Miners,MWC,19,1
4877714,Jaden,Smith,WR,UTEP Miners,MWC,3,4
5091891,Lamar,Sperling,RB,UTEP Miners,MWC,32,3
5268744,Jackson,Stoner,TE,UTEP Miners,MWC,85,1
5079056,Carmelo,Taylor,WR,UTEP Miners,MWC,17,3
4879292,Kam,Thomas,RB,UTEP Miners,MWC,8,4
5197115,Marcus,Torres,WR,UTEP Miners,MWC,14,2
5296572,Carlos,Arreola,K,UTEP Miners,MWC,91,4
5299485,Brady,Braun,P,UTEP Miners,MWC,47,4
5390017,Parker,Cushing,K,UTEP Miners,MWC,33,2
5163543,Cade,Hechter,K,UTEP Miners,MWC,48,4
5327591,Ryken,Banks,RB,Wyoming Cowboys,MWC,29,1
5121693,Bricen,Brantley,WR,Wyoming Cowboys,MWC,12,3
5152196,Gage,Brook,TE,Wyoming Cowboys,MWC,82,3
5220542,Dontae,Burch,RB,Wyoming Cowboys,MWC,26,2
4912280,Charlie,Coenen,WR,Wyoming Cowboys,MWC,19,4
5141406,Deion,DeBlanc,WR,Wyoming Cowboys,MWC,3,2
5214402,Mason,Drube,QB,Wyoming Cowboys,MWC,7,1
5309285,Colin,Ford,TE,Wyoming Cowboys,MWC,86,1
5215395,Kyle,Frendt,TE,Wyoming Cowboys,MWC,83,2
5280785,Jarell,Gary,WR,Wyoming Cowboys,MWC,24,1
5196928,Nico,Hamilton,RB,Wyoming Cowboys,MWC,21,2
5231021,Tyler,Hampton,TE,Wyoming Cowboys,MWC,44,4
5258056,Samuel,Harris,RB,Wyoming Cowboys,MWC,1,2
5289291,Taylor,Hasselbeck,QB,Wyoming Cowboys,MWC,15,1
5078816,Jackson,Holman,WR,Wyoming Cowboys,MWC,9,3
5227257,Markell,Holman,RB,Wyoming Cowboys,MWC,8,4
5086378,Diore,Hubbard,RB,Wyoming Cowboys,MWC,22,2
4838536,Tyler,Hughes,QB,Wyoming Cowboys,MWC,6,4
5258134,Pierre,Jackson,WR,Wyoming Cowboys,MWC,13,1
5223800,Jaden,Lawrence,RB,Wyoming Cowboys,MWC,20,1
5269111,Ishmael,Muhammad,TE,Wyoming Cowboys,MWC,85,1
5193309,Tyler,Nystrom,WR,Wyoming Cowboys,MWC,23,2
5195688,Landon,Pace,TE,Wyoming Cowboys,MWC,88,1
5390036,Justin,Popovich,WR,Wyoming Cowboys,MWC,5,4
5296622,Eric,Richardson,WR,Wyoming Cowboys,MWC,2,4
5220544,Joaquin,Sandoval,WR,Wyoming Cowboys,MWC,16,2
4879876,Isaac,Schoenfeld,TE,Wyoming Cowboys,MWC,87,4
4826579,Tyler,Siddons,TE,Wyoming Cowboys,MWC,80,4
5296625,Landon,Sims,QB,Wyoming Cowboys,MWC,14,3
5323607,Jordan,Styles,WR,Wyoming Cowboys,MWC,81,1
5220553,Keelan,Anderson,K,Wyoming Cowboys,MWC,99,2
5220376,Bart,Edmiston,P,Wyoming Cowboys,MWC,18,4
5220546,Gavyn,Helm,P,Wyoming Cowboys,MWC,43,2
5163379,Erik,Sandvik,K,Wyoming Cowboys,MWC,47,3
5146763,Kaden,Anderson,TE,Boise State Broncos,Pac-12,47,2
5157187,Cameron,Bates,WR,Boise State Broncos,Pac-12,3,3
5290577,Ryan,Brekke,TE,Boise State Broncos,Pac-12,48,1
5209425,Quinton,Brown,WR,Boise State Broncos,Pac-12,25,2
5382290,Keawe,Browne,TE,Boise State Broncos,Pac-12,87,1
5302868,Romeo,Carter,WR,Boise State Broncos,Pac-12,80,1
5244754,Keilan,Chavies,RB,Boise State Broncos,Pac-12,23,1
5160730,Max,Cutforth,QB,Boise State Broncos,Pac-12,14,3
5382284,Lincoln,Dunn,WR,Boise State Broncos,Pac-12,29,1
5263666,Terrious,Favors,WR,Boise State Broncos,Pac-12,85,1
4714341,Ben,Ford,WR,Boise State Broncos,Pac-12,82,4
5147379,Sire,Gaines,RB,Boise State Broncos,Pac-12,26,2
5124975,Juelz,Goff,RB,Boise State Broncos,Pac-12,22,2
5219112,Troy,Grizzle,TE,Boise State Broncos,Pac-12,45,2
5239556,Cash,Herrera,QB,Boise State Broncos,Pac-12,10,1
5281525,Beckham,Hofland,TE,Boise State Broncos,Pac-12,49,1
5215338,AJ,Jones,WR,Boise State Broncos,Pac-12,17,1
5141497,Kamryn,Jones,WR,Boise State Broncos,Pac-12,81,1
5290573,Rasean,Jones,WR,Boise State Broncos,Pac-12,19,1
5218647,Carter,Kuchenbuch,TE,Boise State Broncos,Pac-12,46,1
5382285,Jeremyah,Lane,WR,Boise State Broncos,Pac-12,34,3
5161831,A.J.,Logan,WR,Boise State Broncos,Pac-12,89,1
4870513,Maddux,Madsen,QB,Boise State Broncos,Pac-12,4,4
5219113,AJ,Maes,WR,Boise State Broncos,Pac-12,24,3
5295045,Zeke,Martinez,RB,Boise State Broncos,Pac-12,15,1
5084429,Darren,Morris,WR,Boise State Broncos,Pac-12,13,4
5216576,Gavin,Packer,WR,Boise State Broncos,Pac-12,84,1
5146712,Dylan,Riley,RB,Boise State Broncos,Pac-12,0,3
5274323,Mariyon,Sloan,RB,Boise State Broncos,Pac-12,30,1
5126514,Harry,Stewart III,RB,Boise State Broncos,Pac-12,27,2
5161007,Jackson,Taylor,QB,Boise State Broncos,Pac-12,16,1
5085396,Colton,Boomer,K,Boise State Broncos,Pac-12,35,4
5229955,Oscar,Doyle,P,Boise State Broncos,Pac-12,37,4
5305874,Canaan,Moore,K,Boise State Broncos,Pac-12,48,1
5327445,Bradan,Scott,P,Boise State Broncos,Pac-12,42,1
5225641,Carlos,Anaya,TE,Colorado State Rams,Pac-12,18,3
4685256,Kojo,Antwi,WR,Colorado State Rams,Pac-12,11,3
5102582,Landon,Bell,WR,Colorado State Rams,Pac-12,15,1
4920896,Lavon,Brown,WR,Colorado State Rams,Pac-12,82,2
4684003,Tahj,Bullock,QB,Colorado State Rams,Pac-12,12,4
5252196,Brock,Camp,TE,Colorado State Rams,Pac-12,43,1
5122401,Darius,Curry,QB,Colorado State Rams,Pac-12,3,1
5076099,Stephon,Daily,WR,Colorado State Rams,Pac-12,84,2
4833597,Brayden,Fowler-Nicolosi,QB,Colorado State Rams,Pac-12,16,3
5295198,Amare,Gomez,RB,Colorado State Rams,Pac-12,34,1
5147069,Kory,Hall,WR,Colorado State Rams,Pac-12,85,1
5119743,Keynan,Higgins,WR,Colorado State Rams,Pac-12,89,2
5082253,Keegan,Holles,RB,Colorado State Rams,Pac-12,33,3
5295197,Konyae,Hunter,RB,Colorado State Rams,Pac-12,22,3
5254150,Javion,Kinnard,RB,Colorado State Rams,Pac-12,24,1
5159858,Jaden,Landrum,TE,Colorado State Rams,Pac-12,42,1
5225416,Tay,Lanier,WR,Colorado State Rams,Pac-12,6,4
5295195,Tyler,Lewis,QB,Colorado State Rams,Pac-12,17,1
5219136,Tommy,Maher,WR,Colorado State Rams,Pac-12,10,2
5216315,Antoine,Martin Jr.,WR,Colorado State Rams,Pac-12,87,1
5151385,Ryan,McConnell,TE,Colorado State Rams,Pac-12,26,3
4876460,Jordan,McIntyre,WR,Colorado State Rams,Pac-12,88,4
5150651,Tommy,Poholsky,QB,Colorado State Rams,Pac-12,13,2
5092960,Cole,Rhoden,WR,Colorado State Rams,Pac-12,27,3
5199861,Clarence,Taylor,WR,Colorado State Rams,Pac-12,80,1
5220681,Petey,Tucker,WR,Colorado State Rams,Pac-12,5,4
5295199,Casey,Carr,K,Colorado State Rams,Pac-12,36,1
5258469,Dylan,Freebury,K,Colorado State Rams,Pac-12,67,1
4879204,Isaiah,Hankins,K,Colorado State Rams,Pac-12,98,4
5258482,Nathan,Sutcliffe,P,Colorado State Rams,Pac-12,23,1
5219130,Payne,Williams III,K,Colorado State Rams,Pac-12,35,1
4837174,Darrian,Anderson,WR,Fresno State Bulldogs,Pac-12,82,4
4869294,Jake,Appleget,TE,Fresno State Bulldogs,Pac-12,87,4
5382522,Sylas,Austin,TE,Fresno State Bulldogs,Pac-12,37,1
5121384,Ezekiel,Avit,WR,Fresno State Bulldogs,Pac-12,0,3
5382523,Tyler,Becker,WR,Fresno State Bulldogs,Pac-12,39,3
5236285,Sebastien,Boydell,TE,Fresno State Bulldogs,Pac-12,35,1
5265647,Jacob,Chambers,QB,Fresno State Bulldogs,Pac-12,13,1
5382524,Andrew,Chavez,RB,Fresno State Bulldogs,Pac-12,41,3
5295221,Gavin,Correia,TE,Fresno State Bulldogs,Pac-12,86,2
5264243,Keynan,Cotton,WR,Fresno State Bulldogs,Pac-12,25,1
5216310,Jonathan,Craft,QB,Fresno State Bulldogs,Pac-12,16,1
5210004,Isaiah,Dillon,WR,Fresno State Bulldogs,Pac-12,18,1
5175334,Bryson,Donelson,RB,Fresno State Bulldogs,Pac-12,6,3
5223768,Harold,Duvall,WR,Fresno State Bulldogs,Pac-12,19,2
5295211,Jayon,Farrar,WR,Fresno State Bulldogs,Pac-12,11,4
5382525,Brayden,Ford,TE,Fresno State Bulldogs,Pac-12,42,1
5092483,Josiah,Freeman,WR,Fresno State Bulldogs,Pac-12,5,4
5291743,Dallas,Gaius-Anyaegbu,TE,Fresno State Bulldogs,Pac-12,88,1
5223892,Jaylen,Garrison,WR,Fresno State Bulldogs,Pac-12,80,4
5210481,Zane,Gerbo,TE,Fresno State Bulldogs,Pac-12,36,1
5262650,Julius,Gillick,RB,Fresno State Bulldogs,Pac-12,24,1
5382521,Jalen,Harris,RB,Fresno State Bulldogs,Pac-12,34,1
5295214,Ryan,Lewis,TE,Fresno State Bulldogs,Pac-12,32,1
5120905,Brock,Lium,TE,Fresno State Bulldogs,Pac-12,89,3
5290973,Robert,Lucero,TE,Fresno State Bulldogs,Pac-12,44,1
4685445,Rayshon,Luke,RB,Fresno State Bulldogs,Pac-12,2,4
5010409,Jayden,Mandal,QB,Fresno State Bulldogs,Pac-12,7,3
5146667,Khristian,Martin,QB,Fresno State Bulldogs,Pac-12,3,2
4870923,Jahlil,McClain,WR,Fresno State Bulldogs,Pac-12,1,3
5291730,Bryce,Mcdaniel,TE,Fresno State Bulldogs,Pac-12,85,1
5382520,Maddox,Merrill,RB,Fresno State Bulldogs,Pac-12,33,1
5158246,Jace,Nixon,TE,Fresno State Bulldogs,Pac-12,30,2
5161026,Xavier,Owens,WR,Fresno State Bulldogs,Pac-12,81,1
5101621,Brandon,Ramirez,RB,Fresno State Bulldogs,Pac-12,31,3
5209338,Deagan,Rose,QB,Fresno State Bulldogs,Pac-12,17,1
5295212,Malakai,Sumter,WR,Fresno State Bulldogs,Pac-12,29,1
5295216,Ryan,Kobzeff,K,Fresno State Bulldogs,Pac-12,40,1
5219276,Clay,Lawrence,P,Fresno State Bulldogs,Pac-12,49,3
5157294,Karson,Boschma,WR,Oregon State Beavers,Pac-12,18,3
4870629,Jackson,Bowers,TE,Oregon State Beavers,Pac-12,87,2
5077784,Zack,Card,WR,Oregon State Beavers,Pac-12,12,2
4879574,Bryce,Caufield,TE,Oregon State Beavers,Pac-12,8,4
4685297,Darrius,Clemons,WR,Oregon State Beavers,Pac-12,4,4
4687187,Marquis,Crosby,RB,Oregon State Beavers,Pac-12,22,4
5103443,Jhae,Drummer,WR,Oregon State Beavers,Pac-12,41,3
5126526,Malachi,Durant,WR,Oregon State Beavers,Pac-12,17,1
5157284,Jamai,East,WR,Oregon State Beavers,Pac-12,9,3
5193554,Eddie,Freauff,WR,Oregon State Beavers,Pac-12,14,1
5209304,Kourdey,Glass,RB,Oregon State Beavers,Pac-12,25,1
5193478,Kallen,Gutridge,QB,Oregon State Beavers,Pac-12,16,1
5167313,Cornell,Hatcher Jr.,RB,Oregon State Beavers,Pac-12,21,1
5230871,Skyler,Jackson,RB,Oregon State Beavers,Pac-12,33,1
4895410,Cooper,Jensen,TE,Oregon State Beavers,Pac-12,85,2
4870864,Gabarri,Johnson,QB,Oregon State Beavers,Pac-12,5,2
5228041,Carson,Kolb,TE,Oregon State Beavers,Pac-12,80,1
4879572,Gabe,Milbourn,TE,Oregon State Beavers,Pac-12,82,4
4685497,Maalik,Murphy,QB,Oregon State Beavers,Pac-12,6,3
5085883,Jake,Reichle,RB,Oregon State Beavers,Pac-12,34,3
5216840,Cody,Siegner,TE,Oregon State Beavers,Pac-12,84,1
4680019,Jimmy,Valsin III,WR,Oregon State Beavers,Pac-12,2,4
5166880,Ellijah,Washington,WR,Oregon State Beavers,Pac-12,15,1
5141751,T'Andre,Waverly,TE,Oregon State Beavers,Pac-12,89,1
5228038,Logan,McCreery,K,Oregon State Beavers,Pac-12,46,2
5228037,Caleb,Ojeda,K,Oregon State Beavers,Pac-12,28,3
5306768,Cameron,Smith,K,Oregon State Beavers,Pac-12,37,2
5295315,Tetsuta,Tsuyumine,K,Oregon State Beavers,Pac-12,35,4
5085884,Max,Walker,P,Oregon State Beavers,Pac-12,31,3
5157297,AJ,Winsor,P,Oregon State Beavers,Pac-12,38,2
5082315,Nathan,Acevedo,WR,San Diego State Aztecs,Pac-12,13,3
5083123,Seth,Adams,TE,San Diego State Aztecs,Pac-12,19,4
5164348,Jacob,Alvarez,TE,San Diego State Aztecs,Pac-12,89,1
4827041,Jacob,Bostick,WR,San Diego State Aztecs,Pac-12,86,3
5302266,Donovan,Brown,WR,San Diego State Aztecs,Pac-12,82,3
4433968,Byron,Cardwell Jr.,RB,San Diego State Aztecs,Pac-12,21,4
5146720,Will,Cianfrini,WR,San Diego State Aztecs,Pac-12,17,1
5181759,Kodi,Cornelius,TE,San Diego State Aztecs,Pac-12,36,1
4912062,Kyle,Crum,QB,San Diego State Aztecs,Pac-12,12,3
4685311,Jayden,Denegal,QB,San Diego State Aztecs,Pac-12,4,3
4916888,Bert,Emanuel Jr.,QB,San Diego State Aztecs,Pac-12,5,3
5143596,Jackson,Ford,TE,San Diego State Aztecs,Pac-12,15,1
5216639,Jaylon,Hawkins,WR,San Diego State Aztecs,Pac-12,90,1
5302261,Connor,Irons,TE,San Diego State Aztecs,Pac-12,47,1
4688387,Myles,Kitt-Denton,WR,San Diego State Aztecs,Pac-12,20,4
5302270,Jack,Lua,TE,San Diego State Aztecs,Pac-12,95,1
5209198,JP,Mialovski,QB,San Diego State Aztecs,Pac-12,14,1
5215367,Marcus,Mozer,WR,San Diego State Aztecs,Pac-12,87,1
4918108,Jordan,Napier,WR,San Diego State Aztecs,Pac-12,2,2
5302265,Timothy,Netane,TE,San Diego State Aztecs,Pac-12,81,4
5302269,De'yhare,Overstreet-Glover,WR,San Diego State Aztecs,Pac-12,92,3
4876355,Brian,Pierce Jr.,WR,San Diego State Aztecs,Pac-12,27,4
5084459,Cincere,Rhaney,RB,San Diego State Aztecs,Pac-12,23,1
5147931,Ben,Scolari,WR,San Diego State Aztecs,Pac-12,84,1
4912453,Lucky,Sutton,RB,San Diego State Aztecs,Pac-12,7,3
5164340,Jordin,Thomas,RB,San Diego State Aztecs,Pac-12,29,1
5220411,Parker,Threatt,WR,San Diego State Aztecs,Pac-12,10,1
5302259,Draiden,Trudeau,QB,San Diego State Aztecs,Pac-12,16,1
4912275,Christian,Washington,RB,San Diego State Aztecs,Pac-12,40,3
5086607,Mikey,Welsh,WR,San Diego State Aztecs,Pac-12,14,3
5175719,Ryan,Wolfer,TE,San Diego State Aztecs,Pac-12,88,1
5152805,Nick,Clegg,K,San Diego State Aztecs,Pac-12,18,1
5302267,Tashi,Dorje,P,San Diego State Aztecs,Pac-12,89,3
4883683,Eemil,Herranen,P,San Diego State Aztecs,Pac-12,39,3
5147756,Taji,Atkins,RB,Texas State Bobcats,Pac-12,0,2
5217799,Arvis,Battle Jr.,TE,Texas State Bobcats,Pac-12,9,1
5088888,Torrance,Burgess Jr.,RB,Texas State Bobcats,Pac-12,4,3
5303265,Russell,Crawford,TE,Texas State Bobcats,Pac-12,85,1
5303264,Dameon,Crowe,WR,Texas State Bobcats,Pac-12,20,1
5236321,Tucker,Cusano,WR,Texas State Bobcats,Pac-12,13,1
5077873,Chris,Dawn Jr.,WR,Texas State Bobcats,Pac-12,1,4
5149265,Kylen,Evans,WR,Texas State Bobcats,Pac-12,2,2
5277007,LaKeyleon,Graves,WR,Texas State Bobcats,Pac-12,12,1
5269148,Juntavious,Harris,RB,Texas State Bobcats,Pac-12,24,1
5148803,Brad,Jackson,QB,Texas State Bobcats,Pac-12,8,2
5216509,Davian,Jackson,RB,Texas State Bobcats,Pac-12,6,1
4916885,Jaylen,Jenkins,RB,Texas State Bobcats,Pac-12,5,4
5295885,Jonah,Jones,WR,Texas State Bobcats,Pac-12,83,1
5156893,Jordan,Martin,WR,Texas State Bobcats,Pac-12,14,2
5268751,Blake,Mclane,WR,Texas State Bobcats,Pac-12,81,1
5202460,Gavin,Parkhurst,QB,Texas State Bobcats,Pac-12,17,1
5258487,Cole,Pryor,RB,Texas State Bobcats,Pac-12,21,1
5164317,Shaker,Reisig,QB,Texas State Bobcats,Pac-12,10,1
5138042,Zechariah,Sample,WR,Texas State Bobcats,Pac-12,3,2
5121615,Jake,Simpson,TE,Texas State Bobcats,Pac-12,88,3
4685157,Blake,Smith,TE,Texas State Bobcats,Pac-12,16,4
5147734,Cole,Snodgrass,TE,Texas State Bobcats,Pac-12,84,2
5152414,Beau,Sparks,WR,Texas State Bobcats,Pac-12,11,4
5085497,Ty,Stamey,TE,Texas State Bobcats,Pac-12,18,3
5383805,Stone,Walker,QB,Texas State Bobcats,Pac-12,15,3
5276636,Xavier,Warren,WR,Texas State Bobcats,Pac-12,23,1
5295880,Jacob,Bonilla,K,Texas State Bobcats,Pac-12,38,2
5220121,Dylan,Cunanan,K,Texas State Bobcats,Pac-12,41,3
5383813,Tom,Flintoff,P,Texas State Bobcats,Pac-12,92,1
5096519,Michael,James,K,Texas State Bobcats,Pac-12,43,4
5383814,Joshua,Selmes,P,Texas State Bobcats,Pac-12,94,1
5297057,Cade,Baker,WR,Utah State Aggies,Pac-12,17,2
4695600,Bryson,Barnes,QB,Utah State Aggies,Pac-12,16,4
5243087,Nikko,Boncore,WR,Utah State Aggies,Pac-12,81,1
4696561,Jacob,Conover,QB,Utah State Aggies,Pac-12,3,4
5297060,Kaden,Cox,QB,Utah State Aggies,Pac-12,,1
5153653,Kahanu,Davis,WR,Utah State Aggies,Pac-12,7,4
5265375,Alex,Faiivae,TE,Utah State Aggies,Pac-12,,1
5151339,Anthony,Garcia,QB,Utah State Aggies,Pac-12,10,2
4816099,Javen,Jacobs,RB,Utah State Aggies,Pac-12,8,3
5297067,Kache,Kaio,TE,Utah State Aggies,Pac-12,18,2
5174450,Tate,Kjar,WR,Utah State Aggies,Pac-12,20,1
5220668,Tre,Kofe,RB,Utah State Aggies,Pac-12,,1
4612824,Broc,Lane,TE,Utah State Aggies,Pac-12,87,4
5229124,Ravian,Larry,RB,Utah State Aggies,Pac-12,25,1
5297068,Kyle,Lively,TE,Utah State Aggies,Pac-12,,1
5077115,Jackson,Olsen,WR,Utah State Aggies,Pac-12,,2
5209199,Ty,Olsen,WR,Utah State Aggies,Pac-12,15,1
5218897,Carlos,Orr-Gillespie,WR,Utah State Aggies,Pac-12,,1
4613165,Demick,Starling,WR,Utah State Aggies,Pac-12,6,4
4613199,Josh,Sterzer,TE,Utah State Aggies,Pac-12,83,4
5297076,Clyde,Taulapapa,RB,Utah State Aggies,Pac-12,,1
4993406,CJ,Tiller,QB,Utah State Aggies,Pac-12,12,2
4781743,Chase,Tuatagaloa,TE,Utah State Aggies,Pac-12,19,3
5265504,Nehemiah,Washington,RB,Utah State Aggies,Pac-12,28,1
5297079,Noah,White,RB,Utah State Aggies,Pac-12,23,1
4708051,Carter,Brown,K,Utah State Aggies,Pac-12,21,3
5150622,Landon,Rehkow,P,Utah State Aggies,Pac-12,16,2
5166203,Tanner,Rinker,K,Utah State Aggies,Pac-12,14,3
5297075,Dylan,Sprague,P,Utah State Aggies,Pac-12,37,2
5251975,Dalton,Anderson,QB,Washington State Cougars,Pac-12,16,1
5227824,Beau,Baker,TE,Washington State Cougars,Pac-12,86,1
4832802,Hudson,Cedarland,TE,Washington State Cougars,Pac-12,27,3
5296465,Jesiah,Cornwell,TE,Washington State Cougars,Pac-12,82,2
5296466,Tristian,Drummond,WR,Washington State Cougars,Pac-12,34,1
5155864,Julian,Dugger,QB,Washington State Cougars,Pac-12,2,1
4876066,Zevi,Eckhaus,QB,Washington State Cougars,Pac-12,4,4
4770038,Devin,Ellison,WR,Washington State Cougars,Pac-12,6,3
5263246,Owen,Eshelman,QB,Washington State Cougars,Pac-12,17,1
4879044,Ademola,Faleye,TE,Washington State Cougars,Pac-12,83,4
5221381,Tony,Freeman,WR,Washington State Cougars,Pac-12,0,3
5153065,Branden,Ganashamoorthy,WR,Washington State Cougars,Pac-12,8,2
5296467,Kaden,Harken,WR,Washington State Cougars,Pac-12,85,3
4878889,Angel,Johnson,RB,Washington State Cougars,Pac-12,1,4
5258474,Cash,Landau,TE,Washington State Cougars,Pac-12,87,1
5024359,Trey,Leckner,TE,Washington State Cougars,Pac-12,23,2
5153069,Luke,Leighton,TE,Washington State Cougars,Pac-12,89,2
4687189,Joshua,Meredith,WR,Washington State Cougars,Pac-12,18,4
4875362,Leon,Neal Jr.,WR,Washington State Cougars,Pac-12,12,4
4879562,Jeremiah,Noga,WR,Washington State Cougars,Pac-12,15,4
4697633,Dylan,Paine,RB,Washington State Cougars,Pac-12,30,4
5264659,Travon,Pankey,RB,Washington State Cougars,Pac-12,25,1
5091836,Jaxon,Potter,QB,Washington State Cougars,Pac-12,5,2
5076654,Leo,Pulalasi,RB,Washington State Cougars,Pac-12,20,2
5210428,Peyton,Read,TE,Washington State Cougars,Pac-12,81,1
4907415,Leyton,Smithson,WR,Washington State Cougars,Pac-12,10,4
5228142,Jake,Tiryakioglu,QB,Washington State Cougars,Pac-12,19,1
5154732,Kirby,Vorhees,RB,Washington State Cougars,Pac-12,9,2
5306779,Carl,Watson III,RB,Washington State Cougars,Pac-12,21,1
5296471,Cameron,Weir,WR,Washington State Cougars,Pac-12,33,1
5167316,Noah,Westbrook,WR,Washington State Cougars,Pac-12,80,1
5227814,Maxwell,Woods,RB,Washington State Cougars,Pac-12,3,1
5228153,Ryan,Harris,K,Washington State Cougars,Pac-12,98,2
5151890,Troy,Petz,P,Washington State Cougars,Pac-12,29,2
5227843,Jack,Stevens,K,Washington State Cougars,Pac-12,38,1
5093733,Joshua,Acord,TE,App State Mountaineers,Sun Belt,34,3
5310790,Jaysen,Angulo,RB,App State Mountaineers,Sun Belt,45,3
5261754,Derick,Brazil,WR,App State Mountaineers,Sun Belt,80,1
5121697,Jaylon,Calhoun,RB,App State Mountaineers,Sun Belt,20,2
5151954,Zahn,Coakley,WR,App State Mountaineers,Sun Belt,25,2
5294314,Doopah,Coleman,WR,App State Mountaineers,Sun Belt,0,1
4431051,Izayah,Cummings,TE,App State Mountaineers,Sun Belt,4,4
4717724,Rashod,Dubinion,RB,App State Mountaineers,Sun Belt,7,4
5326398,Damien,Durrette,WR,App State Mountaineers,Sun Belt,,1
5294315,Gregory,Fee,QB,App State Mountaineers,Sun Belt,10,1
4870743,William,Fowles,WR,App State Mountaineers,Sun Belt,12,2
5228759,Dillon,Galloway,TE,App State Mountaineers,Sun Belt,87,1
5149830,Bryce,Gee,WR,App State Mountaineers,Sun Belt,88,1
4683279,Jared,Gibble,TE,App State Mountaineers,Sun Belt,44,4
5248199,Noah,Gillon,QB,App State Mountaineers,Sun Belt,11,1
5077670,Jackson,Grier,WR,App State Mountaineers,Sun Belt,13,2
5213354,Max,Guest,RB,App State Mountaineers,Sun Belt,31,1
4603191,David,Larkins,TE,App State Mountaineers,Sun Belt,85,4
4921304,Chris,Lawson Jr.,WR,App State Mountaineers,Sun Belt,82,2
5146751,Jose,Leon,WR,App State Mountaineers,Sun Belt,81,1
5156152,Jaquari,Lewis,RB,App State Mountaineers,Sun Belt,22,1
4685469,Sam,Mbake,WR,App State Mountaineers,Sun Belt,3,3
5109089,Trae,Nickelson III,WR,App State Mountaineers,Sun Belt,25,3
4900025,Kanye,Roberts,RB,App State Mountaineers,Sun Belt,2,3
5199951,Alex,Sanchez,WR,App State Mountaineers,Sun Belt,16,1
4592835,Dalton,Stroman,WR,App State Mountaineers,Sun Belt,8,4
4682927,Billy,Wiles,QB,App State Mountaineers,Sun Belt,9,4
5147872,Matthew,Wilson,QB,App State Mountaineers,Sun Belt,6,1
5082412,Carter,Everett,K,App State Mountaineers,Sun Belt,29,3
5086980,Mitchell,Lake,P,App State Mountaineers,Sun Belt,27,2
5151960,Cash,McVay,K,App State Mountaineers,Sun Belt,43,4
5160190,Jackson,Moore,K,App State Mountaineers,Sun Belt,39,2
5246591,Nasir,Allen,RB,Arkansas State Red Wolves,Sun Belt,24,2
5327235,Solomon,Baggett,RB,Arkansas State Red Wolves,Sun Belt,23,1
5218663,Boski,Barrett,WR,Arkansas State Red Wolves,Sun Belt,13,3
4870601,Jaylen,Bonelli,WR,Arkansas State Red Wolves,Sun Belt,10,4
5291661,Dallas,Boozer,WR,Arkansas State Red Wolves,Sun Belt,81,1
5221070,Ezra,Burgess,TE,Arkansas State Red Wolves,Sun Belt,82,3
4432669,Joshua,Burrell,TE,Arkansas State Red Wolves,Sun Belt,16,4
4877014,Nana,Burris,WR,Arkansas State Red Wolves,Sun Belt,0,4
5221048,Jabari,Bush,TE,Arkansas State Red Wolves,Sun Belt,17,3
4888886,Kenyon,Clay,RB,Arkansas State Red Wolves,Sun Belt,5,4
5085496,Chauncy,Cobb,WR,Arkansas State Red Wolves,Sun Belt,2,4
4920193,Ethan,Crawford,QB,Arkansas State Red Wolves,Sun Belt,6,4
4713649,Drew,Dickey,QB,Arkansas State Red Wolves,Sun Belt,7,4
5207889,Andre,Feast,WR,Arkansas State Red Wolves,Sun Belt,14,2
5310616,Deshaun,Fedd,WR,Arkansas State Red Wolves,Sun Belt,21,1
5379738,Brandon,Golliday,WR,Arkansas State Red Wolves,Sun Belt,85,1
4870742,Jaden,Hamm,TE,Arkansas State Red Wolves,Sun Belt,19,4
5121571,Ezell,Jolly,RB,Arkansas State Red Wolves,Sun Belt,22,4
5265584,Andrew,Jones,WR,Arkansas State Red Wolves,Sun Belt,15,2
5161612,Reed,Linder,WR,Arkansas State Red Wolves,Sun Belt,84,4
5122081,Tyler,Little,TE,Arkansas State Red Wolves,Sun Belt,11,4
5303234,Dawson,Mcfadin,TE,Arkansas State Red Wolves,Sun Belt,88,1
5123665,Trey,Owens,QB,Arkansas State Red Wolves,Sun Belt,9,3
5294520,Coleman,Parmer,TE,Arkansas State Red Wolves,Sun Belt,41,2
5089547,Corey,Reddick,RB,Arkansas State Red Wolves,Sun Belt,8,4
5282064,Kena,Rego,WR,Arkansas State Red Wolves,Sun Belt,80,1
5296209,Mason,Schubert,QB,Arkansas State Red Wolves,Sun Belt,20,2
5221058,Damon,Sisa,RB,Arkansas State Red Wolves,Sun Belt,30,3
5149058,Devin,Spencer,RB,Arkansas State Red Wolves,Sun Belt,4,3
5218650,Jeremy,St-Hilaire,QB,Arkansas State Red Wolves,Sun Belt,12,3
5294522,Andrew,Staten,TE,Arkansas State Red Wolves,Sun Belt,89,2
5207661,Romel,Stevens,WR,Arkansas State Red Wolves,Sun Belt,18,2
5121601,Hunter,Summers,WR,Arkansas State Red Wolves,Sun Belt,3,4
5221055,Clayton,Amaya,K,Arkansas State Red Wolves,Sun Belt,25,3
5379734,Wells,Stanley,P,Arkansas State Red Wolves,Sun Belt,40,1
5103798,Daelen,Alexander,RB,Coastal Carolina Chanticleers,Sun Belt,26,3
5193388,Jaden,Allen-Hendrix,RB,Coastal Carolina Chanticleers,Sun Belt,25,2
5296439,Deuce,Bailey,QB,Coastal Carolina Chanticleers,Sun Belt,2,1
5265446,Clayton,Coppock Jr.,WR,Coastal Carolina Chanticleers,Sun Belt,8,2
4833356,Zach,Courtney,TE,Coastal Carolina Chanticleers,Sun Belt,33,4
5379830,Kente,Edawards,RB,Coastal Carolina Chanticleers,Sun Belt,21,1
5265325,Jevon,Edwards,RB,Coastal Carolina Chanticleers,Sun Belt,20,2
5095242,Cyrus,Ellison,TE,Coastal Carolina Chanticleers,Sun Belt,9,4
4870699,Karmello,English,WR,Coastal Carolina Chanticleers,Sun Belt,0,4
5296438,Tristian,Gardner,WR,Coastal Carolina Chanticleers,Sun Belt,3,2
5204860,Trishstin,Glass,WR,Coastal Carolina Chanticleers,Sun Belt,80,2
5152029,Tre,Guerra,QB,Coastal Carolina Chanticleers,Sun Belt,4,3
5279320,KD,Hainsworth,WR,Coastal Carolina Chanticleers,Sun Belt,83,1
5153389,Colton,Hinton,WR,Coastal Carolina Chanticleers,Sun Belt,14,4
5126470,Trever,Jackson,QB,Coastal Carolina Chanticleers,Sun Belt,7,2
5303231,Jayden,Johnson,WR,Coastal Carolina Chanticleers,Sun Belt,87,1
5193351,Krosse,Johnson,WR,Coastal Carolina Chanticleers,Sun Belt,6,2
5203477,Dominic,Knicely,RB,Coastal Carolina Chanticleers,Sun Belt,23,2
5238341,Jackson,Kohl,TE,Coastal Carolina Chanticleers,Sun Belt,88,1
5309213,Tamarion,LaFortune,WR,Coastal Carolina Chanticleers,Sun Belt,89,2
5150845,Goldie,Lawrence,WR,Coastal Carolina Chanticleers,Sun Belt,5,3
5211952,Osiris,Lopez,QB,Coastal Carolina Chanticleers,Sun Belt,12,1
5379836,Luke,McBride,QB,Coastal Carolina Chanticleers,Sun Belt,15,1
5295758,Joe,Ober,RB,Coastal Carolina Chanticleers,Sun Belt,28,2
5289269,Joshua,Parker,WR,Coastal Carolina Chanticleers,Sun Belt,84,1
5264590,Brown,Reaves,TE,Coastal Carolina Chanticleers,Sun Belt,44,2
5157282,Nathan,Schuessler,WR,Coastal Carolina Chanticleers,Sun Belt,82,3
5295756,Breyahn,Townsend,RB,Coastal Carolina Chanticleers,Sun Belt,22,3
5379841,Ben,Verges,TE,Coastal Carolina Chanticleers,Sun Belt,85,2
4871022,Robby,Washington,WR,Coastal Carolina Chanticleers,Sun Belt,1,3
5265184,Dwayne,White,WR,Coastal Carolina Chanticleers,Sun Belt,81,2
5304544,Nico,Cavanillas Alti,K,Coastal Carolina Chanticleers,Sun Belt,30,4
5379832,Andrew,Ginsberg,P,Coastal Carolina Chanticleers,Sun Belt,84,2
5258479,Roland,Podesta,P,Coastal Carolina Chanticleers,Sun Belt,42,1
5157414,Daniel,Porto,K,Coastal Carolina Chanticleers,Sun Belt,90,4
5193262,Bryce,Baker,RB,Georgia Southern Eagles,Sun Belt,33,3
5390047,Jack,Berquist,TE,Georgia Southern Eagles,Sun Belt,83,1
5123988,Taylor,Bradshaw,WR,Georgia Southern Eagles,Sun Belt,15,4
5212641,Weston,Bryan,QB,Georgia Southern Eagles,Sun Belt,9,2
5303242,JQ,Crosby,TE,Georgia Southern Eagles,Sun Belt,80,1
5291806,Ty,Cummings,RB,Georgia Southern Eagles,Sun Belt,20,1
4838527,Josh,Dallas,WR,Georgia Southern Eagles,Sun Belt,19,4
5390046,CJ,Dockery,WR,Georgia Southern Eagles,Sun Belt,42,1
5161740,Kevin,Douglas,WR,Georgia Southern Eagles,Sun Belt,38,4
5275663,Harrison,Faulkner Jr.,QB,Georgia Southern Eagles,Sun Belt,11,1
4685348,Terrance,Gibbs,RB,Georgia Southern Eagles,Sun Belt,5,4
4685364,Andre,Greene Jr.,WR,Georgia Southern Eagles,Sun Belt,18,4
5265563,Henry,Gregory,TE,Georgia Southern Eagles,Sun Belt,86,2
5220648,Aubrey,Heath,TE,Georgia Southern Eagles,Sun Belt,48,2
4698179,River,Helms,TE,Georgia Southern Eagles,Sun Belt,87,4
4912238,Turner,Helton,QB,Georgia Southern Eagles,Sun Belt,14,4
5303239,Zay,Hilliard,WR,Georgia Southern Eagles,Sun Belt,21,1
4869962,Ashton,Hollins,WR,Georgia Southern Eagles,Sun Belt,2,4
4685740,Max,Johnson,QB,Georgia Southern Eagles,Sun Belt,7,4
4870859,Noble,Johnson,WR,Georgia Southern Eagles,Sun Belt,89,4
5199949,Charlie,Johnston,QB,Georgia Southern Eagles,Sun Belt,10,2
5219035,Cam,King,WR,Georgia Southern Eagles,Sun Belt,12,3
5091778,Jackson,Long,TE,Georgia Southern Eagles,Sun Belt,82,4
5307118,Bre'Lan,Mareus,RB,Georgia Southern Eagles,Sun Belt,29,2
5303240,Jarvis,Mathurin,WR,Georgia Southern Eagles,Sun Belt,22,1
5151112,David,Mbadinga,RB,Georgia Southern Eagles,Sun Belt,6,4
5079536,Kam,Mikell,WR,Georgia Southern Eagles,Sun Belt,85,3
5119658,JP,Mikhael,TE,Georgia Southern Eagles,Sun Belt,84,4
5181735,Antavious,Murphy,WR,Georgia Southern Eagles,Sun Belt,26,3
5307119,Foster,Orris,RB,Georgia Southern Eagles,Sun Belt,37,2
5307120,Brandon,Paul,WR,Georgia Southern Eagles,Sun Belt,40,2
5390043,King,Phillips,WR,Georgia Southern Eagles,Sun Belt,13,3
5222643,Peyton,Plott,WR,Georgia Southern Eagles,Sun Belt,24,2
5151111,Jamarian,Samuel,RB,Georgia Southern Eagles,Sun Belt,16,4
5238178,Tripp,Bryant,K,Georgia Southern Eagles,Sun Belt,95,2
5258467,Donal,Dempsey,K,Georgia Southern Eagles,Sun Belt,99,2
4833237,Blake,Ford,K,Georgia Southern Eagles,Sun Belt,97,4
5172536,TJ,Hartley III,K,Georgia Southern Eagles,Sun Belt,98,4
5381371,Chase,Allen-Jackman,WR,Georgia State Panthers,Sun Belt,9,4
5295774,Tayo,Ashadele,RB,Georgia State Panthers,Sun Belt,25,1
5216495,Derrick,Avery Jr.,WR,Georgia State Panthers,Sun Belt,13,2
5155355,Jamal,Bing Jr.,RB,Georgia State Panthers,Sun Belt,20,3
5193926,Cameran,Brown,QB,Georgia State Panthers,Sun Belt,8,4
5086204,Matt,Buron,TE,Georgia State Panthers,Sun Belt,11,4
5292031,Xavier,Butler,RB,Georgia State Panthers,Sun Belt,22,1
5220219,Wesley,Campbell VI,TE,Georgia State Panthers,Sun Belt,6,4
5225013,Rodshaun,Dorsey,WR,Georgia State Panthers,Sun Belt,83,3
5175175,Owen,Dupree,WR,Georgia State Panthers,Sun Belt,7,3
5216496,D'Ontae,Fulton,WR,Georgia State Panthers,Sun Belt,18,1
5225717,Savion,Hart,RB,Georgia State Panthers,Sun Belt,28,2
5229332,Grant,Hollier,TE,Georgia State Panthers,Sun Belt,85,2
5112634,Jaylin,Marshall,WR,Georgia State Panthers,Sun Belt,16,4
5141538,Ladainnian,Martin,RB,Georgia State Panthers,Sun Belt,32,1
4888163,Avion,McBride,TE,Georgia State Panthers,Sun Belt,81,4
5233868,Lanear,McCrary Jr.,RB,Georgia State Panthers,Sun Belt,5,4
5145653,Austin,McGee,WR,Georgia State Panthers,Sun Belt,87,2
5217752,Jamari,Miller,WR,Georgia State Panthers,Sun Belt,19,1
5220697,Keron,Milton,WR,Georgia State Panthers,Sun Belt,86,2
5295783,Kyle,Mullenix,TE,Georgia State Panthers,Sun Belt,44,1
5146273,Dennis,Murray Jr.,RB,Georgia State Panthers,Sun Belt,0,2
5381375,Gavin,Nuckolls,QB,Georgia State Panthers,Sun Belt,15,1
5295771,Jadon,Olafsson,QB,Georgia State Panthers,Sun Belt,12,1
5083490,Ayden,Pereira,QB,Georgia State Panthers,Sun Belt,2,4
5122043,Jaylen,Poe,RB,Georgia State Panthers,Sun Belt,21,3
5231028,Amari,Powell,WR,Georgia State Panthers,Sun Belt,89,2
5295781,Khalil,Quinn,WR,Georgia State Panthers,Sun Belt,38,1
4812474,DJ,Riles,WR,Georgia State Panthers,Sun Belt,10,4
5199956,Ahmed,Souare,WR,Georgia State Panthers,Sun Belt,80,1
5308878,Zach,Stair,WR,Georgia State Panthers,Sun Belt,82,1
5216706,TJ,Stanley,QB,Georgia State Panthers,Sun Belt,14,1
5218720,Isaiah,Stone,WR,Georgia State Panthers,Sun Belt,17,2
5298905,Samer,Layous,K,Georgia State Panthers,Sun Belt,39,2
5083371,Davi,Belfort,WR,James Madison Dukes,Sun Belt,9,2
5147373,Kylan,Billiot,WR,James Madison Dukes,Sun Belt,18,2
5290622,Trace,Burney,WR,James Madison Dukes,Sun Belt,30,1
5153978,Camden,Coleman,QB,James Madison Dukes,Sun Belt,7,3
5165174,Za'Ron,Collins,WR,James Madison Dukes,Sun Belt,12,3
5222247,Arrion,Concepcion,WR,James Madison Dukes,Sun Belt,16,1
5225435,Seth,Cromwell,RB,James Madison Dukes,Sun Belt,34,4
5291634,Phoenix,Donghia,RB,James Madison Dukes,Sun Belt,27,1
5134270,Trashon,Dye,RB,James Madison Dukes,Sun Belt,22,2
5172036,JC,Evans,QB,James Madison Dukes,Sun Belt,1,2
5258290,Malachi,Fannin-Render,RB,James Madison Dukes,Sun Belt,20,1
5225335,Noah,Grevious,WR,James Madison Dukes,Sun Belt,11,2
5390285,Thomas,Guillemette,TE,James Madison Dukes,Sun Belt,89,1
5258035,Ethan,Gurela,TE,James Madison Dukes,Sun Belt,86,1
5295796,Miles,Halbert,WR,James Madison Dukes,Sun Belt,43,1
5301873,Jeremiah,Harrison,WR,James Madison Dukes,Sun Belt,8,2
5298748,Nick,Herman,RB,James Madison Dukes,Sun Belt,23,2
5258036,Brian,Hnat,TE,James Madison Dukes,Sun Belt,84,1
5315119,Zion,Hudson,WR,James Madison Dukes,Sun Belt,40,1
5301871,Cole,Keller,TE,James Madison Dukes,Sun Belt,0,4
5147757,Arrington,Maiden,QB,James Madison Dukes,Sun Belt,5,2
5148660,Micah,Matthews,WR,James Madison Dukes,Sun Belt,28,1
5257958,Jackson,McCarter,RB,James Madison Dukes,Sun Belt,21,1
5159001,Xavier,McDonald,WR,James Madison Dukes,Sun Belt,83,1
5390284,Thatcher,Miller,TE,James Madison Dukes,Sun Belt,82,4
4912346,Jayden,Mines,WR,James Madison Dukes,Sun Belt,2,4
5227231,KD,Mosley,TE,James Madison Dukes,Sun Belt,13,3
5290246,Elijah,Moss,WR,James Madison Dukes,Sun Belt,15,1
5295799,Chase,Pensyl,WR,James Madison Dukes,Sun Belt,81,1
4685494,George,Pettaway,RB,James Madison Dukes,Sun Belt,6,4
5220360,Ryder,Post,TE,James Madison Dukes,Sun Belt,85,2
5303248,Max,Roche,TE,James Madison Dukes,Sun Belt,44,1
5165803,Corey,Scott,WR,James Madison Dukes,Sun Belt,3,3
5214955,Michael,Scott,WR,James Madison Dukes,Sun Belt,17,2
5334189,Kaleb,Smith,WR,James Madison Dukes,Sun Belt,24,1
5332125,Tanner,Vibabul,QB,James Madison Dukes,Sun Belt,14,1
5228814,Andrew,Bennett,P,James Madison Dukes,Sun Belt,84,2
5082053,Patrick,Rea,P,James Madison Dukes,Sun Belt,11,4
4691984,Morgan,Suarez,K,James Madison Dukes,Sun Belt,5,4
5221102,Sam,Altmann,QB,Louisiana Ragin' Cajuns,Sun Belt,16,1
5141364,Russell,Babineaux,WR,Louisiana Ragin' Cajuns,Sun Belt,10,1
5156911,Landon,Baptiste,WR,Louisiana Ragin' Cajuns,Sun Belt,85,2
5146661,Daniel,Beale,QB,Louisiana Ragin' Cajuns,Sun Belt,11,1
5194804,Steven,Blanco,RB,Louisiana Ragin' Cajuns,Sun Belt,24,1
5222653,Coleman,Carter,QB,Louisiana Ragin' Cajuns,Sun Belt,15,1
5222654,Trenton,Chaney,WR,Louisiana Ragin' Cajuns,Sun Belt,9,1
5153377,Brock,Chappell,TE,Louisiana Ragin' Cajuns,Sun Belt,83,3
5207650,Quandre,Coates,TE,Louisiana Ragin' Cajuns,Sun Belt,82,1
5146163,Rahji,Dennis,WR,Louisiana Ragin' Cajuns,Sun Belt,8,1
5295965,Aiden,Falgout,TE,Louisiana Ragin' Cajuns,Sun Belt,43,1
5258999,JJ,Garner,RB,Louisiana Ragin' Cajuns,Sun Belt,20,1
5221109,Teddy,Gawlik,TE,Louisiana Ragin' Cajuns,Sun Belt,44,1
5156928,Caden,Jensen,TE,Louisiana Ragin' Cajuns,Sun Belt,88,2
4833238,Jaydon,Johnson,WR,Louisiana Ragin' Cajuns,Sun Belt,18,3
5207594,Khristian,Mackintrush,TE,Louisiana Ragin' Cajuns,Sun Belt,80,1
4875451,Dale,Martin,WR,Louisiana Ragin' Cajuns,Sun Belt,19,4
5295967,Trey,Miller,TE,Louisiana Ragin' Cajuns,Sun Belt,86,4
4878112,Charles,Robertson,WR,Louisiana Ragin' Cajuns,Sun Belt,13,3
4871010,Shelton,Sampson Jr.,WR,Louisiana Ragin' Cajuns,Sun Belt,6,2
5222657,Darrell,Smith,RB,Louisiana Ragin' Cajuns,Sun Belt,22,1
5230872,Jaiden,Smith,WR,Louisiana Ragin' Cajuns,Sun Belt,81,1
5125744,Emiliano,Soldevilla,TE,Louisiana Ragin' Cajuns,Sun Belt,46,2
5207808,Evan,Stroman,WR,Louisiana Ragin' Cajuns,Sun Belt,84,1
5221103,Landon,Strother,WR,Louisiana Ragin' Cajuns,Sun Belt,23,1
5196964,Hutch,Swilley,RB,Louisiana Ragin' Cajuns,Sun Belt,25,1
5122096,KeDarius,Wade,WR,Louisiana Ragin' Cajuns,Sun Belt,87,2
4690461,Robert,Williams,WR,Louisiana Ragin' Cajuns,Sun Belt,0,4
4875456,Logan,Klotz,K,Louisiana Ragin' Cajuns,Sun Belt,40,4
5257318,Brek,Schultz,K,Louisiana Ragin' Cajuns,Sun Belt,29,1
5096880,Tony,Sterner,K,Louisiana Ragin' Cajuns,Sun Belt,95,3
5100649,Nathan,Torney,P,Louisiana Ragin' Cajuns,Sun Belt,92,4
5150998,Blake,Baker,QB,Louisiana Tech Bulldogs,Sun Belt,5,3
5382993,Demarcus,Belton,RB,Louisiana Tech Bulldogs,Sun Belt,22,1
5296400,Dane,Benedix,WR,Louisiana Tech Bulldogs,Sun Belt,17,4
5296401,Brayden,Bockler,TE,Louisiana Tech Bulldogs,Sun Belt,87,3
5184630,Jackson,Bradley,QB,Louisiana Tech Bulldogs,Sun Belt,10,1
5222150,Joshua,Brantley,TE,Louisiana Tech Bulldogs,Sun Belt,9,1
5296386,Dylone,Brooks,RB,Louisiana Tech Bulldogs,Sun Belt,26,1
5224217,Marcus,Calwise Jr.,WR,Louisiana Tech Bulldogs,Sun Belt,6,3
5302780,Johnny,Casey Jr.,WR,Louisiana Tech Bulldogs,Sun Belt,85,1
5220344,Brayden,Curry,WR,Louisiana Tech Bulldogs,Sun Belt,31,2
5121453,Eli,Finley,TE,Louisiana Tech Bulldogs,Sun Belt,84,4
5296402,Chase,Grosfeld,WR,Louisiana Tech Bulldogs,Sun Belt,89,3
5383005,Carter,Harris,WR,Louisiana Tech Bulldogs,Sun Belt,83,1
5382992,Rayshun,Hurt,RB,Louisiana Tech Bulldogs,Sun Belt,20,1
5382989,Michael,Kirby,QB,Louisiana Tech Bulldogs,Sun Belt,13,1
5382998,Skylar,Kirk,TE,Louisiana Tech Bulldogs,Sun Belt,45,1
5296376,Trey,Kukuk,QB,Louisiana Tech Bulldogs,Sun Belt,2,4
5078549,Dedrick,Latulas,WR,Louisiana Tech Bulldogs,Sun Belt,3,3
5302781,William,Mayes,TE,Louisiana Tech Bulldogs,Sun Belt,81,1
5218381,Jalen,Mickens,WR,Louisiana Tech Bulldogs,Sun Belt,11,2
5382987,Jaden,Miller,RB,Louisiana Tech Bulldogs,Sun Belt,0,3
5296394,Deven,Muniz,TE,Louisiana Tech Bulldogs,Sun Belt,80,3
5296382,David,Pierro,WR,Louisiana Tech Bulldogs,Sun Belt,8,4
4900578,Luke,Seib,TE,Louisiana Tech Bulldogs,Sun Belt,82,3
4685517,Talyn,Shettron,WR,Louisiana Tech Bulldogs,Sun Belt,86,3
5230764,Riley,Small,RB,Louisiana Tech Bulldogs,Sun Belt,36,2
4919037,Sergio,Snider,RB,Louisiana Tech Bulldogs,Sun Belt,23,2
5215238,Johnnie,Thiel IV,WR,Louisiana Tech Bulldogs,Sun Belt,88,1
5382995,Reuben,Edwards,P,Louisiana Tech Bulldogs,Sun Belt,30,1
5383000,Hunter,Fox,K,Louisiana Tech Bulldogs,Sun Belt,46,1
5299906,Zachary,Hays,P,Louisiana Tech Bulldogs,Sun Belt,88,1
5296391,Kaegan,Kent,K,Louisiana Tech Bulldogs,Sun Belt,38,1
5166467,Lexington,Matthews,P,Louisiana Tech Bulldogs,Sun Belt,29,3
5161240,Hunter,Rioux,K,Louisiana Tech Bulldogs,Sun Belt,31,3
5295948,Jalyn,Abercrombie,WR,Marshall Thundering Herd,Sun Belt,16,1
4602981,Jakolbe,Baldwin,WR,Marshall Thundering Herd,Sun Belt,11,4
5084210,Jo'Shon,Barbie,RB,Marshall Thundering Herd,Sun Belt,5,3
5155044,Jack,Clougherty,QB,Marshall Thundering Herd,Sun Belt,17,3
5295957,Atley,Cowan,WR,Marshall Thundering Herd,Sun Belt,89,1
4432691,Carlos,Del Rio-Wilson,QB,Marshall Thundering Herd,Sun Belt,7,3
5265562,Koi,Fagan,QB,Marshall Thundering Herd,Sun Belt,12,1
5151831,Justin,Haggerty,WR,Marshall Thundering Herd,Sun Belt,23,2
4432706,Antonio,Harmon,WR,Marshall Thundering Herd,Sun Belt,8,3
5295956,Brandon,Hettwer,TE,Marshall Thundering Herd,Sun Belt,86,1
5163076,K.J.,Jones,WR,Marshall Thundering Herd,Sun Belt,38,2
5093183,Demarcus,Lacey,WR,Marshall Thundering Herd,Sun Belt,4,4
5057358,Tony,Martin,WR,Marshall Thundering Herd,Sun Belt,87,2
5221336,Chase,Massey,QB,Marshall Thundering Herd,Sun Belt,19,1
4427916,Tony,Mathis Jr.,RB,Marshall Thundering Herd,Sun Belt,24,4
5236394,Rhett,McGrew,TE,Marshall Thundering Herd,Sun Belt,83,1
5157331,Adrian,Norton,WR,Marshall Thundering Herd,Sun Belt,13,3
4869602,Toby,Payne,TE,Marshall Thundering Herd,Sun Belt,81,3
5161776,Judah,Price,RB,Marshall Thundering Herd,Sun Belt,20,1
5222975,Anthony,Quinn Jr.,RB,Marshall Thundering Herd,Sun Belt,21,1
4684939,Bryan,Robinson,WR,Marshall Thundering Herd,Sun Belt,3,4
5092695,Shawn,Rouse,TE,Marshall Thundering Herd,Sun Belt,80,2
4869733,Zavier,Short,WR,Marshall Thundering Herd,Sun Belt,15,3
5120142,Tracy,Stephens,TE,Marshall Thundering Herd,Sun Belt,85,2
5089545,De'Andre,Tamarez,WR,Marshall Thundering Herd,Sun Belt,0,3
5295946,Ben,Turner,WR,Marshall Thundering Herd,Sun Belt,10,4
4685697,Zion,Turner,QB,Marshall Thundering Herd,Sun Belt,1,3
5081172,Xayvion,Turner-Bradshaw,WR,Marshall Thundering Herd,Sun Belt,18,2
5295955,Nico,Weidmann,WR,Marshall Thundering Herd,Sun Belt,84,1
5211697,Sherone,White Jr.,WR,Marshall Thundering Herd,Sun Belt,14,1
5295959,Ty,Powell,K,Marshall Thundering Herd,Sun Belt,96,1
5228030,Holden,Brown,QB,Old Dominion Monarchs,Sun Belt,16,1
5297784,Gabe,Dombek,QB,Old Dominion Monarchs,Sun Belt,15,1
5297785,Damon,Duke,WR,Old Dominion Monarchs,Sun Belt,17,1
5297793,Jay,Grant,WR,Old Dominion Monarchs,Sun Belt,82,1
4682762,Ke'Travion,Hargrove,RB,Old Dominion Monarchs,Sun Belt,18,4
5231051,Nathan,Hartman,TE,Old Dominion Monarchs,Sun Belt,89,2
5193346,Quinn,Henicle,QB,Old Dominion Monarchs,Sun Belt,10,1
5295919,Ryan,Huff,QB,Old Dominion Monarchs,Sun Belt,4,1
5193349,Maurki,James,RB,Old Dominion Monarchs,Sun Belt,5,1
5295923,TJ,Johnson,WR,Old Dominion Monarchs,Sun Belt,11,3
5151971,Trey,Lancaster,TE,Old Dominion Monarchs,Sun Belt,87,4
5297792,Leroy,Lewis,WR,Old Dominion Monarchs,Sun Belt,81,1
5231044,Troy,Marquez,RB,Old Dominion Monarchs,Sun Belt,28,1
4912111,Sidney,Mbanasor,WR,Old Dominion Monarchs,Sun Belt,13,3
5295925,Titus,Myers,WR,Old Dominion Monarchs,Sun Belt,12,2
5297789,Jonathan,Newton,RB,Old Dominion Monarchs,Sun Belt,39,1
5295940,Karl,Peterson,TE,Old Dominion Monarchs,Sun Belt,88,2
5222709,Zay,Prince,WR,Old Dominion Monarchs,Sun Belt,14,1
4922993,Devin,Roche,RB,Old Dominion Monarchs,Sun Belt,3,2
5295921,Josh,Rodriguez,WR,Old Dominion Monarchs,Sun Belt,8,1
5297794,Ryan,Thomas,WR,Old Dominion Monarchs,Sun Belt,83,1
5295939,Chris,Warren,TE,Old Dominion Monarchs,Sun Belt,80,1
5159969,Ian,Brandt,P,Old Dominion Monarchs,Sun Belt,96,2
5084502,Riley,Callaghan,K,Old Dominion Monarchs,Sun Belt,94,4
5089036,Nathanial,Eichner,K,Old Dominion Monarchs,Sun Belt,93,3
5297791,Mason,Forte,P,Old Dominion Monarchs,Sun Belt,48,1
5295941,Josh,Hamel,K,Old Dominion Monarchs,Sun Belt,92,4
5297797,Mikhail,Iakovlev,K,Old Dominion Monarchs,Sun Belt,97,2
5093215,Tylen,Campbell,WR,South Alabama Jaguars,Sun Belt,27,3
5295062,Owen,Carlson,TE,South Alabama Jaguars,Sun Belt,88,1
4432677,Iverson,Celestine,RB,South Alabama Jaguars,Sun Belt,23,4
4869553,Bishop,Davenport,QB,South Alabama Jaguars,Sun Belt,4,3
5079412,Trae'von,Dunbar,RB,South Alabama Jaguars,Sun Belt,25,1
5075529,Anthony,Eager,WR,South Alabama Jaguars,Sun Belt,11,2
5087164,Nate,Forystek,TE,South Alabama Jaguars,Sun Belt,84,3
5220195,Rod,Gibbs,TE,South Alabama Jaguars,Sun Belt,19,3
5155776,Jerrian,Graham,WR,South Alabama Jaguars,Sun Belt,83,1
5160238,Chris,Holifield Jr.,RB,South Alabama Jaguars,Sun Belt,15,4
5148858,Jared,Hollins,QB,South Alabama Jaguars,Sun Belt,7,1
5156183,Brendan,Jenkins,WR,South Alabama Jaguars,Sun Belt,12,3
5295064,Jeremiah,Jones-Thomas,WR,South Alabama Jaguars,Sun Belt,13,1
5220588,Julyon,Jordan,RB,South Alabama Jaguars,Sun Belt,24,1
5308435,Miles,Kelly,RB,South Alabama Jaguars,Sun Belt,37,3
5160237,Jace,Larsen,WR,South Alabama Jaguars,Sun Belt,17,2
5259827,Maddox,Lynch,TE,South Alabama Jaguars,Sun Belt,14,1
5124334,PJ,Martin,RB,South Alabama Jaguars,Sun Belt,0,2
4894449,Miller,McCrumby,TE,South Alabama Jaguars,Sun Belt,2,4
5160236,Hollis,McDaniel,TE,South Alabama Jaguars,Sun Belt,80,2
5297781,Ti,Mims,WR,South Alabama Jaguars,Sun Belt,85,1
5295070,Keenan,Phillips,RB,South Alabama Jaguars,Sun Belt,21,2
4746127,Zach,Pyron,QB,South Alabama Jaguars,Sun Belt,8,3
5126534,Jeremy,Scott,WR,South Alabama Jaguars,Sun Belt,9,1
5295071,Nick,Simmons,WR,South Alabama Jaguars,Sun Belt,89,1
5295072,Andre,Spence,RB,South Alabama Jaguars,Sun Belt,34,1
5222214,Trae,Stevenson,WR,South Alabama Jaguars,Sun Belt,87,1
5295073,Bubba,Thompson,QB,South Alabama Jaguars,Sun Belt,16,1
5220194,Noah,Toster,WR,South Alabama Jaguars,Sun Belt,10,2
4570507,Devin,Voisin,WR,South Alabama Jaguars,Sun Belt,1,4
5151368,Micah,Woods,WR,South Alabama Jaguars,Sun Belt,6,4
4433939,Keyshawn,Woodyard,WR,South Alabama Jaguars,Sun Belt,18,4
5160240,Hamilton,DiBoyan,K,South Alabama Jaguars,Sun Belt,94,2
5185701,Davis,Little,K,South Alabama Jaguars,Sun Belt,35,1
5295069,Blayne,Munson,P,South Alabama Jaguars,Sun Belt,46,1
5160230,Aleksi,Pulkkinen,P,South Alabama Jaguars,Sun Belt,40,3
5218913,James,Whatley,P,South Alabama Jaguars,Sun Belt,39,1
5295902,Josiah,Basten,RB,Southern Miss Golden Eagles,Sun Belt,25,2
4600403,Braylon,Braxton,QB,Southern Miss Golden Eagles,Sun Belt,1,4
4869552,Robert,Briggs,RB,Southern Miss Golden Eagles,Sun Belt,14,3
4565181,Bralon,Brown,WR,Southern Miss Golden Eagles,Sun Belt,8,4
5228129,Caston,Brown,TE,Southern Miss Golden Eagles,Sun Belt,87,2
5093009,Carl,Chester,WR,Southern Miss Golden Eagles,Sun Belt,7,4
4869802,Davis,Dalton,WR,Southern Miss Golden Eagles,Sun Belt,11,3
4693817,Micah,Davis,WR,Southern Miss Golden Eagles,Sun Belt,6,4
5295914,Mike,Duran,WR,Southern Miss Golden Eagles,Sun Belt,89,1
5216843,Connor,Gooding,TE,Southern Miss Golden Eagles,Sun Belt,82,1
5099860,Zavian,Hales,WR,Southern Miss Golden Eagles,Sun Belt,80,4
4869745,Kyirin,Heath,TE,Southern Miss Golden Eagles,Sun Belt,88,4
5296029,Robert,Henderson,RB,Southern Miss Golden Eagles,Sun Belt,20,1
5146687,Trey,Horne,WR,Southern Miss Golden Eagles,Sun Belt,23,2
4875065,Matt,Jones,RB,Southern Miss Golden Eagles,Sun Belt,5,4
5307116,Israel,Leamon,WR,Southern Miss Golden Eagles,Sun Belt,86,1
4833635,Landry,Lyddy,QB,Southern Miss Golden Eagles,Sun Belt,18,3
5092469,Kyle,McCormick,QB,Southern Miss Golden Eagles,Sun Belt,17,3
4431651,Elijah,Metcalf,WR,Southern Miss Golden Eagles,Sun Belt,9,4
4880845,Chuck,Montgomery,WR,Southern Miss Golden Eagles,Sun Belt,3,4
4612189,Kadinn,Morris,TE,Southern Miss Golden Eagles,Sun Belt,84,4
4702560,Grant,Page,WR,Southern Miss Golden Eagles,Sun Belt,13,3
5152209,Jeffery,Pittman,RB,Southern Miss Golden Eagles,Sun Belt,0,3
5221335,Cace,Reed,WR,Southern Miss Golden Eagles,Sun Belt,81,1
4949488,Jacobe,Robinson,QB,Southern Miss Golden Eagles,Sun Belt,15,2
5295912,Dillon,Rowley,WR,Southern Miss Golden Eagles,Sun Belt,83,1
5096170,Tyrese,Weeks,RB,Southern Miss Golden Eagles,Sun Belt,43,2
5079628,John,White,QB,Southern Miss Golden Eagles,Sun Belt,12,2
5295913,Elijah,Zamora,WR,Southern Miss Golden Eagles,Sun Belt,85,1
5295904,Logan,Gregory,P,Southern Miss Golden Eagles,Sun Belt,26,4
5159920,Reed,Harradine,K,Southern Miss Golden Eagles,Sun Belt,96,2
4910847,Kaden,Morgan,K,Southern Miss Golden Eagles,Sun Belt,94,3
5295908,Jack,Murley,P,Southern Miss Golden Eagles,Sun Belt,34,1
5254183,Creighton,Wilbanks,K,Southern Miss Golden Eagles,Sun Belt,40,1
5388770,Jayvin,Bennett,TE,Troy Trojans,Sun Belt,86,2
4837259,DeWhitt,Betterson Jr.,RB,Troy Trojans,Sun Belt,26,4
5147346,Jywon,Boyd,WR,Troy Trojans,Sun Belt,2,3
5388765,Bryce,Burgess,RB,Troy Trojans,Sun Belt,22,3
4431633,Goose,Crowder,QB,Troy Trojans,Sun Belt,9,4
5388769,Dylan,Denson,WR,Troy Trojans,Sun Belt,82,1
4701593,Mojo,Dortch,WR,Troy Trojans,Sun Belt,5,4
5388754,Gavin,Griffin,RB,Troy Trojans,Sun Belt,0,3
5388763,Nick,Hampton,TE,Troy Trojans,Sun Belt,19,1
5158838,Marquis,Harris,TE,Troy Trojans,Sun Belt,14,4
5388759,Hayden,Jackson,WR,Troy Trojans,Sun Belt,12,4
5258360,Jah'Marren,Jackson,WR,Troy Trojans,Sun Belt,81,2
5209967,Jack,James,QB,Troy Trojans,Sun Belt,6,2
5148784,TK,Keyes,WR,Troy Trojans,Sun Belt,8,3
4912119,Tucker,Kilcrease,QB,Troy Trojans,Sun Belt,10,4
5388762,Howard,Kinchen,WR,Troy Trojans,Sun Belt,18,4
5215396,Andrew,Leslie,WR,Troy Trojans,Sun Belt,84,2
5078105,TJ,Lott,WR,Troy Trojans,Sun Belt,15,4
5120317,Jordan,Lovett,RB,Troy Trojans,Sun Belt,1,4
5194811,Ky,McNulty,WR,Troy Trojans,Sun Belt,13,3
5086097,Jaheim,Merriweather,RB,Troy Trojans,Sun Belt,3,3
5229572,Dennis,Palmer,RB,Troy Trojans,Sun Belt,25,3
5150277,Jace,Petty,WR,Troy Trojans,Sun Belt,17,4
5091753,Fabian,Rogosch,TE,Troy Trojans,Sun Belt,85,4
5295870,JT,Tang,TE,Troy Trojans,Sun Belt,80,4
5154527,Kristian,Tate,WR,Troy Trojans,Sun Belt,7,4
5220679,Rodge,Waldrop,QB,Troy Trojans,Sun Belt,11,3
5164341,AC,Walters,RB,Troy Trojans,Sun Belt,21,2
5079632,Noreel,White,WR,Troy Trojans,Sun Belt,4,3
5227405,Jalen,Ballard,K,Troy Trojans,Sun Belt,16,4
4899096,Evan,Crenshaw,P,Troy Trojans,Sun Belt,28,4
5219720,Ethan,Head,K,Troy Trojans,Sun Belt,33,3
5297022,Austin,Lewis,P,Troy Trojans,Sun Belt,49,2
5295861,Jaden,Tynes,K,Troy Trojans,Sun Belt,20,2
5295371,Bryce,Anderson,TE,UL Monroe Warhawks,Sun Belt,8,4
5122054,Aidan,Armenta,QB,UL Monroe Warhawks,Sun Belt,10,4
5294510,Demarcco,Blanton,WR,UL Monroe Warhawks,Sun Belt,6,4
4431516,Brandon,Buckhaulter,WR,UL Monroe Warhawks,Sun Belt,5,4
5225330,Cade,Callahan,TE,UL Monroe Warhawks,Sun Belt,89,3
5220222,Javon,Campbell,WR,UL Monroe Warhawks,Sun Belt,2,4
5207934,Austin,Carlisle,QB,UL Monroe Warhawks,Sun Belt,12,2
4685184,Don,Chaney,RB,UL Monroe Warhawks,Sun Belt,20,4
5295735,JP,Coulter,WR,UL Monroe Warhawks,Sun Belt,4,4
5218754,Parker,Fulghum,WR,UL Monroe Warhawks,Sun Belt,13,3
5307115,Marcus,Galloway,WR,UL Monroe Warhawks,Sun Belt,19,2
5108222,Steven,Gorski,TE,UL Monroe Warhawks,Sun Belt,15,4
5158127,Landon,Graves,QB,UL Monroe Warhawks,Sun Belt,9,4
5193220,Nate,Green,TE,UL Monroe Warhawks,Sun Belt,85,3
5158148,Quad,Harrison,TE,UL Monroe Warhawks,Sun Belt,84,4
5382863,Jase,Hoath,TE,UL Monroe Warhawks,Sun Belt,44,4
5382849,Dalen,Huston,TE,UL Monroe Warhawks,Sun Belt,18,3
5382869,Marcellus,Jackson,WR,UL Monroe Warhawks,Sun Belt,88,4
5220666,Derrick,Jameson,RB,UL Monroe Warhawks,Sun Belt,3,4
5215545,Bryson,Kimbrough,QB,UL Monroe Warhawks,Sun Belt,14,2
5382857,Trevon,Kinchen,RB,UL Monroe Warhawks,Sun Belt,26,4
5269150,Keidric,Osunde-Brown,WR,UL Monroe Warhawks,Sun Belt,80,1
5382854,CJ,Phillip,RB,UL Monroe Warhawks,Sun Belt,23,3
5327238,Christian,Ponti,RB,UL Monroe Warhawks,Sun Belt,47,1
5382847,Ty,Purdy,QB,UL Monroe Warhawks,Sun Belt,16,4
5382841,LT,Robinson,WR,UL Monroe Warhawks,Sun Belt,1,3
5382856,Bryson,Roland,RB,UL Monroe Warhawks,Sun Belt,25,2
5122072,Nic,Trujillo,WR,UL Monroe Warhawks,Sun Belt,7,4
5274368,Jaiden,Tucker,WR,UL Monroe Warhawks,Sun Belt,82,1
5220230,Bret,Vincent,WR,UL Monroe Warhawks,Sun Belt,17,3
5382852,Julian,Walker,RB,UL Monroe Warhawks,Sun Belt,21,3
5126539,Jaydon,Wright,RB,UL Monroe Warhawks,Sun Belt,22,3
5081080,Max,Larson,K,UL Monroe Warhawks,Sun Belt,99,4
5085351,Abram,Murray,K,UL Monroe Warhawks,Sun Belt,27,3
5382861,Gavin,Polk,K,UL Monroe Warhawks,Sun Belt,34,1
5220241,Makenzie,Ryan,P,UL Monroe Warhawks,Sun Belt,47,3
5388364,Price,Davis,RB,Air Force Falcons,MWC,,
5388368,Jacob,Doyle,RB,Air Force Falcons,MWC,,
5295019,Omari,Elias,RB,Air Force Falcons,MWC,,
5295010,Gage,LaDue,RB,Air Force Falcons,MWC,,
5388367,Major,Quin,WR,Air Force Falcons,MWC,,
5388363,Jalen,Rashad Turner,RB,Air Force Falcons,MWC,,
5295015,Luke,Rauh,RB,Air Force Falcons,MWC,,
5238868,Liam,Szarka,QB,Air Force Falcons,MWC,9,3
5397589,Elijah,Alexander,TE,Akron Zips,MAC,,
5209397,Semaj,Beals,QB,Akron Zips,MAC,,
5193102,Miles,Burris,WR,Akron Zips,MAC,,
5397576,Yaseen,DeReese,TE,Akron Zips,MAC,,
5397590,Gentz,Hilburn,WR,Akron Zips,MAC,,
5119873,Wyatt,Hook,TE,Akron Zips,MAC,,
5295925,Titus,Myers,WR,Akron Zips,MAC,,
4875866,Reese,Poffenbarger,QB,Akron Zips,MAC,,
5161848,Jaborree,Riggins,WR,Akron Zips,MAC,,
5296250,Aidan,Stire,K,Akron Zips,MAC,,
5225440,Jordan,Westrich,K,Akron Zips,MAC,,
5268747,Kamauri,Austin,WR,App State Mountaineers,Sun Belt,,
5290180,Gavin,Barber,TE,App State Mountaineers,Sun Belt,,
5224355,Nate,Branch,WR,App State Mountaineers,Sun Belt,,
5397624,Cash,Brown,WR,App State Mountaineers,Sun Belt,,
5079360,JMarion,Burnette,RB,App State Mountaineers,Sun Belt,,
5278135,Bronzden,Chaffin,QB,App State Mountaineers,Sun Belt,,
4700811,Ja'Quez,Cross,RB,App State Mountaineers,Sun Belt,,
5218246,Luke,Douglas,TE,App State Mountaineers,Sun Belt,,
5141450,Semaj,Fleming,WR,App State Mountaineers,Sun Belt,,
4885469,Darrin,Fugitt,TE,App State Mountaineers,Sun Belt,,
5146664,Henry,Hasselbeck,QB,App State Mountaineers,Sun Belt,,
5209334,Jamel,Howse,TE,App State Mountaineers,Sun Belt,,
5397628,Zalin,Ingram,WR,App State Mountaineers,Sun Belt,,
5150276,Dazmin,James,WR,App State Mountaineers,Sun Belt,,
5092352,Chris,Lofton,WR,App State Mountaineers,Sun Belt,,
5397629,Ryan,Morrison,WR,App State Mountaineers,Sun Belt,,
5271376,Kabran,Paul,WR,App State Mountaineers,Sun Belt,,
5300543,Sam,Pickett III,WR,App State Mountaineers,Sun Belt,,
5199951,Alexander,Sanchez,WR,App State Mountaineers,Sun Belt,,
4870999,Malachi,Singleton,QB,App State Mountaineers,Sun Belt,,
5218698,Zach,Taylor,WR,App State Mountaineers,Sun Belt,,
5082965,Tommy,Ulatowski,QB,App State Mountaineers,Sun Belt,,
5333123,Andrew,Cummings,K,App State Mountaineers,Sun Belt,,
5166106,James,London,K,App State Mountaineers,Sun Belt,,
5155089,Leo,Kemp,RB,Bowling Green Falcons,MAC,,
5095078,Mel,Brown,RB,Colorado State Rams,Pac-12,,
4899418,Juice,Vereen,TE,Colorado State Rams,Pac-12,,
5289314,Tyler,Bell,QB,Delaware Blue Hens,CUSA,,
5401942,Jake,Blum,WR,Delaware Blue Hens,CUSA,,
5401943,Brandon,DeAngelo,WR,Delaware Blue Hens,CUSA,,
5157266,Bryson,Graves,WR,Delaware Blue Hens,CUSA,,
5302758,Carson,Griffin,WR,Delaware Blue Hens,CUSA,,
5295765,Josh,Humes,TE,Delaware Blue Hens,CUSA,,
5401931,Reginald,Lea II,RB,Delaware Blue Hens,CUSA,,
4680024,Da'Wain,Lofton,WR,Delaware Blue Hens,CUSA,,
5401937,David,Oravetz,TE,Delaware Blue Hens,CUSA,,
5327494,Nakeem,Powell,RB,Delaware Blue Hens,CUSA,,
4887640,Kaderris,Roberts,RB,Delaware Blue Hens,CUSA,,
5302760,Tae'Sean,Robinson,WR,Delaware Blue Hens,CUSA,,
5401929,Sean,Sutherland,QB,Delaware Blue Hens,CUSA,,
5401934,Naseem,Tention,RB,Delaware Blue Hens,CUSA,,
5401944,Kason,Mullis,K,Delaware Blue Hens,CUSA,,
5401933,Tucker,Smack,K,Delaware Blue Hens,CUSA,,
5240144,Dveyoun,Bonwell-Witte,WR,Florida Atlantic Owls,AAC,,
5219854,Almari,Brown,RB,Florida Atlantic Owls,AAC,,
5390431,Peter,Cannon,TE,Florida Atlantic Owls,AAC,,
5302741,Jeremiah,Daoud,QB,Florida Atlantic Owls,AAC,,
5219898,Drew,Devillier,QB,Florida Atlantic Owls,AAC,,
5390418,Leonard,Farrow,RB,Florida Atlantic Owls,AAC,,
4683543,RJ,Garcia II,WR,Florida Atlantic Owls,AAC,,
5390429,Grayson,Gibson,WR,Florida Atlantic Owls,AAC,,
4840118,Tucker,Holloway,WR,Florida Atlantic Owls,AAC,,
4878788,AJ,Johnson,TE,Florida Atlantic Owls,AAC,,
4917370,Brooks,Johnson,TE,Florida Atlantic Owls,AAC,,
5203852,Nicsaint,Joseph Jr.,WR,Florida Atlantic Owls,AAC,,
5390432,Maika,Kurkowski,TE,Florida Atlantic Owls,AAC,,
5390430,Spencer,Martin,WR,Florida Atlantic Owls,AAC,,
5302737,Owen,Pollock,TE,Florida Atlantic Owls,AAC,,
5144084,Jahmari,Powell-Wonson,WR,Florida Atlantic Owls,AAC,,
5151490,Germanuel,Tanelus,RB,Florida Atlantic Owls,AAC,,
5390433,Lliam,Peterson,K,Florida Atlantic Owls,AAC,,
5084095,Collin,Rogers,K,Florida Atlantic Owls,AAC,,
5143919,Jordan,Malau'ulu,WR,Fresno State Bulldogs,Pac-12,,
5222386,Jay,Jay Etheridge,WR,Kent State Golden Flashes,MAC,,
5083407,Hunter,Hopperton,RB,Kent State Golden Flashes,MAC,,
5303241,Jerry,Birdlow,TE,Louisiana Ragin' Cajuns,Sun Belt,,
5290570,Kristion,Brooks,WR,Louisiana Ragin' Cajuns,Sun Belt,,
5394425,Jayden,Lewis,WR,Louisiana Ragin' Cajuns,Sun Belt,,
5394419,Owen,Morris,RB,Louisiana Ragin' Cajuns,Sun Belt,,
5394417,Alex,Munoz,QB,Louisiana Ragin' Cajuns,Sun Belt,,
5197074,Ja'Corian,Norris,WR,Louisiana Ragin' Cajuns,Sun Belt,,
5227209,Anthony,Reagan Jr.,RB,Louisiana Ragin' Cajuns,Sun Belt,,
5200377,Ke'Rynn,Smith,RB,Louisiana Ragin' Cajuns,Sun Belt,,
5329822,Dylan,Barber,QB,Marshall Thundering Herd,Sun Belt,,
5320928,Aiden,Burke,WR,Marshall Thundering Herd,Sun Belt,,
5292277,Brennan,Chambers,WR,Marshall Thundering Herd,Sun Belt,,
4899472,Chris,Culliver,WR,Marshall Thundering Herd,Sun Belt,,
4870739,Christian,Hamilton,WR,Marshall Thundering Herd,Sun Belt,,
5300926,TJ,Lester,RB,Marshall Thundering Herd,Sun Belt,,
5147685,Josiah,McLaurin,WR,Marshall Thundering Herd,Sun Belt,,
5225343,Owen,Sweeney,WR,Marshall Thundering Herd,Sun Belt,,
5294118,Jorge,Diaz Nicholas,K,Marshall Thundering Herd,Sun Belt,,
5394433,Samuel,Guiden Krebs,K,Marshall Thundering Herd,Sun Belt,,
5383068,Cash,Pomeroy,TE,Missouri State Bears,CUSA,,
5158343,Braxton,Woodson,QB,Navy Midshipmen,AAC,5,4
5391346,Ihsaan,Alozie,WR,Navy Midshipmen,AAC,,
5272684,Cayden,Alula,WR,Navy Midshipmen,AAC,,
5391332,Gus,Anderson,WR,Navy Midshipmen,AAC,,
5391331,Evan,Blouir,QB,Navy Midshipmen,AAC,,
5391326,Bash,Bodily,WR,Navy Midshipmen,AAC,,
5391321,Truman,Brasfield,WR,Navy Midshipmen,AAC,,
5391337,Tyler,Breedlove,WR,Navy Midshipmen,AAC,,
5391319,Brady,Carmical,QB,Navy Midshipmen,AAC,,
5391322,Maverick,Chance,QB,Navy Midshipmen,AAC,,
5391339,James,Cusick II,WR,Navy Midshipmen,AAC,,
5391355,Chris,Daley II,RB,Navy Midshipmen,AAC,,
5391323,JP,Donovan,WR,Navy Midshipmen,AAC,,
5391330,Nolan,Bartley,K,Navy Midshipmen,AAC,,
5391381,Archie,Esh,K,Navy Midshipmen,AAC,,
5388952,Gatlin,Empey,RB,North Dakota State Bison,MWC,,
5211691,Preston,Bowman,WR,Ohio Bobcats,MAC,,
5244755,Levi,Davis,QB,Ohio Bobcats,MAC,,
5221306,Jake,Furtney,TE,Ohio Bobcats,MAC,,
5302804,Zach,Hackleman,WR,Ohio Bobcats,MAC,,
5327560,Marcus,Hughbanks,WR,Ohio Bobcats,MAC,,
5315932,James,Kelly,RB,Ohio Bobcats,MAC,,
5031158,Andrew,Metzger,TE,Ohio Bobcats,MAC,,
5394411,Calvin,Moody,TE,Ohio Bobcats,MAC,,
5281383,Kaden,Page,WR,Ohio Bobcats,MAC,,
5394410,Riley,Palmeter,TE,Ohio Bobcats,MAC,,
5394401,Blake,Parker,WR,Ohio Bobcats,MAC,,
4873234,Victor,Rosa,RB,Ohio Bobcats,MAC,,
5085129,Ian,Ver Steeg,WR,Ohio Bobcats,MAC,,
5171031,Matt,Vezza,QB,Ohio Bobcats,MAC,,
4917286,Will,Hryszko,K,Ohio Bobcats,MAC,,
5394412,Owen,Schaadt,K,Ohio Bobcats,MAC,,
5394556,Landen,Abernathy,QB,Old Dominion Monarchs,Sun Belt,,
5078003,Zion,Agnew,WR,Old Dominion Monarchs,Sun Belt,,
5210044,BJ,Bedgood,WR,Old Dominion Monarchs,Sun Belt,,
5308211,Steven,Bengu,WR,Old Dominion Monarchs,Sun Belt,,
5291747,Zialis,Blackmon,WR,Old Dominion Monarchs,Sun Belt,,
5294446,Trey,Hall,RB,Old Dominion Monarchs,Sun Belt,,
5127805,JJ,Harrell,WR,Old Dominion Monarchs,Sun Belt,,
5153408,Kendall,Harris,WR,Old Dominion Monarchs,Sun Belt,,
4832875,Leon,Haughton Jr.,TE,Old Dominion Monarchs,Sun Belt,,
5303260,CJ,Jackson III,RB,Old Dominion Monarchs,Sun Belt,,
5078274,Lonnie,Johnson,TE,Old Dominion Monarchs,Sun Belt,,
5310763,Taysean,Jones,TE,Old Dominion Monarchs,Sun Belt,,
5327542,Brayden,Myovela,WR,Old Dominion Monarchs,Sun Belt,,
5283062,Brooklyn,Nace,QB,Old Dominion Monarchs,Sun Belt,,
5091836,Jaxon,Potter,QB,Old Dominion Monarchs,Sun Belt,,
5394557,Ja'Varien,Salter,RB,Old Dominion Monarchs,Sun Belt,,
5218910,Andrew,Nelms,K,Old Dominion Monarchs,Sun Belt,,
5327264,Isaiah,Arriaza,QB,Oregon State Beavers,Pac-12,,
5212654,Braden,Atkinson,QB,Oregon State Beavers,Pac-12,,
5079357,Aaron,Butler,WR,Oregon State Beavers,Pac-12,,
5325698,Landon,Cook,TE,Oregon State Beavers,Pac-12,,
5393662,Rocco,De La Rosa,RB,Oregon State Beavers,Pac-12,,
5325545,Tre,Garrison,RB,Oregon State Beavers,Pac-12,,
5293573,Aeryn,Hampton,WR,Oregon State Beavers,Pac-12,,
5296163,Brady,Jones,QB,Oregon State Beavers,Pac-12,,
5393660,MJ,Kennybrew,WR,Oregon State Beavers,Pac-12,,
5393657,Danny,Leary,QB,Oregon State Beavers,Pac-12,,
5289510,Jesse,Legree,WR,Oregon State Beavers,Pac-12,,
5300309,Adonis,McDaniel,WR,Oregon State Beavers,Pac-12,,
4917981,AJ,Newberry,RB,Oregon State Beavers,Pac-12,,
5160400,Ross,Nickson,WR,Oregon State Beavers,Pac-12,,
5161892,Xavyion,Noland,WR,Oregon State Beavers,Pac-12,,
5088952,Eric,Olsen,TE,Oregon State Beavers,Pac-12,,
5327660,Jayden,Padgett,WR,Oregon State Beavers,Pac-12,,
5209415,Jameson,Powell,WR,Oregon State Beavers,Pac-12,,
4869821,DeCorion,Temple,TE,Oregon State Beavers,Pac-12,,
5160504,Cynai,Thomas,WR,Oregon State Beavers,Pac-12,,
5161639,Jadyn,Oh,K,Oregon State Beavers,Pac-12,,
5080786,Cedric,Anton,TE,Sacramento State Hornets,MAC,,
5401478,Matthew,Auau,WR,Sacramento State Hornets,MAC,,
5158759,Raiden,Brown,WR,Sacramento State Hornets,MAC,,
5082587,Matt,Coleman,WR,Sacramento State Hornets,MAC,,
5401463,Bryant,Collins,RB,Sacramento State Hornets,MAC,,
4920192,Carson,Conklin,QB,Sacramento State Hornets,MAC,,
5161820,Isaiah,Ene,RB,Sacramento State Hornets,MAC,,
5229947,Davion,Godley,RB,Sacramento State Hornets,MAC,,
5265053,Dezmyn,Hardy,WR,Sacramento State Hornets,MAC,,
5401480,Jack,Hodge,TE,Sacramento State Hornets,MAC,,
5225846,Kyle,Koontz,TE,Sacramento State Hornets,MAC,,
5401479,Jahlil,Lindsey,TE,Sacramento State Hornets,MAC,,
5401462,Liam,Meeker,QB,Sacramento State Hornets,MAC,,
5401481,Luke,Meeker,TE,Sacramento State Hornets,MAC,,
5148654,Jaylen,Patterson,QB,Sacramento State Hornets,MAC,,
5401464,Kenneth,Peevy,WR,Sacramento State Hornets,MAC,,
5401477,Carlton,Perrilliat,WR,Sacramento State Hornets,MAC,,
5084459,Cincere,Rhaney,RB,Sacramento State Hornets,MAC,,
5401466,Montrell,Rice,RB,Sacramento State Hornets,MAC,,
5401458,Brian,Salazar,QB,Sacramento State Hornets,MAC,,
5401457,Kenyon,Shabazz,WR,Sacramento State Hornets,MAC,,
5158748,Jackson,Sharman,QB,Sacramento State Hornets,MAC,,
5310132,Daniel,Swinney,RB,Sacramento State Hornets,MAC,,
5401460,Saul,Marks,K,Sacramento State Hornets,MAC,,
5302791,Brady,Campbell,QB,San Diego State Aztecs,Pac-12,,
5291794,Daishaun,Davis,WR,San Diego State Aztecs,Pac-12,,
5291802,Carson,Diehl,WR,San Diego State Aztecs,Pac-12,,
5157430,Aldrich,Doe,WR,San Diego State Aztecs,Pac-12,,
5291922,Jack,Ellis,TE,San Diego State Aztecs,Pac-12,,
5394483,Kime,Fangupo,TE,San Diego State Aztecs,Pac-12,,
5219123,Luke,Gayton,WR,San Diego State Aztecs,Pac-12,,
5254150,Javion,Kinnard,RB,San Diego State Aztecs,Pac-12,,
4912135,Justius,Lowe,WR,San Diego State Aztecs,Pac-12,,
5245054,Josiah,Lucas,RB,San Diego State Aztecs,Pac-12,,
5302898,Elijah,Muliufi,TE,San Diego State Aztecs,Pac-12,,
5141664,Stone,Saunders,QB,San Diego State Aztecs,Pac-12,,
5219505,Ayo,Shotomide-King,WR,San Diego State Aztecs,Pac-12,,
5280600,Derek,Stevenson,WR,San Diego State Aztecs,Pac-12,,
5309724,Cooper,DiLeva,K,San Diego State Aztecs,Pac-12,,
5394484,Lane,Garner,K,San Diego State Aztecs,Pac-12,,
5219708,Tyler,Prasuhn,K,San Diego State Aztecs,Pac-12,,
5083153,Noah,Serna,K,San Diego State Aztecs,Pac-12,,
5395323,Brian,Barnes,WR,South Alabama Jaguars,Sun Belt,,
5168613,Miguel,Camboia,WR,South Alabama Jaguars,Sun Belt,,
5279202,Lavonte,Cole,RB,South Alabama Jaguars,Sun Belt,,
5395310,Donovan,Crow,RB,South Alabama Jaguars,Sun Belt,,
5294516,Jerry,Horne,QB,South Alabama Jaguars,Sun Belt,,
5151609,Everett,Hunter,TE,South Alabama Jaguars,Sun Belt,,
5289802,Taylor,Jacobs Jr,QB,South Alabama Jaguars,Sun Belt,,
5215189,Anthony,Jeffery,RB,South Alabama Jaguars,Sun Belt,,
5274378,Khatori,Marion,WR,South Alabama Jaguars,Sun Belt,,
5274293,Julius,Mathis,TE,South Alabama Jaguars,Sun Belt,,
5395313,Cam,McFarlin,TE,South Alabama Jaguars,Sun Belt,,
5395324,Jordan,Morris,TE,South Alabama Jaguars,Sun Belt,,
5290347,Aaden,Shamburger,QB,South Alabama Jaguars,Sun Belt,,
5395327,Christopher,Aikman,K,South Alabama Jaguars,Sun Belt,,
5154342,Peyton,Argent,K,South Alabama Jaguars,Sun Belt,,
5258469,Dylan,Freebury,K,South Alabama Jaguars,Sun Belt,,
5395326,Max,Roth,K,South Alabama Jaguars,Sun Belt,,
5394618,King David,Aboya,WR,Southern Miss Golden Eagles,Sun Belt,,
5293671,Jeremiah,Beck Jr.,TE,Southern Miss Golden Eagles,Sun Belt,,
5394620,Drew,Bilderback,TE,Southern Miss Golden Eagles,Sun Belt,,
5394601,John,Ford,RB,Southern Miss Golden Eagles,Sun Belt,,
5125171,Jaylen,Foster,RB,Southern Miss Golden Eagles,Sun Belt,,
4618083,Ethan,Hampton,QB,Southern Miss Golden Eagles,Sun Belt,,
5394595,Jaylen,Himes,WR,Southern Miss Golden Eagles,Sun Belt,,
5086379,Brandon,Hood,RB,Southern Miss Golden Eagles,Sun Belt,,
5151526,MJ,Johnson,WR,Southern Miss Golden Eagles,Sun Belt,,
5161233,Preston,Kilgore,TE,Southern Miss Golden Eagles,Sun Belt,,
5153318,AJ,Little,WR,Southern Miss Golden Eagles,Sun Belt,,
5225456,Javery,Mayberry,TE,Southern Miss Golden Eagles,Sun Belt,,
5394597,Maddox,McCrory,QB,Southern Miss Golden Eagles,Sun Belt,,
5274304,Broderick,Peters,TE,Southern Miss Golden Eagles,Sun Belt,,
5159059,Hugh,Price,QB,Southern Miss Golden Eagles,Sun Belt,,
5394596,Steven,Robinson,RB,Southern Miss Golden Eagles,Sun Belt,,
5218891,Mario,Sanders,WR,Southern Miss Golden Eagles,Sun Belt,,
4685510,Kaden,Saunders,WR,Southern Miss Golden Eagles,Sun Belt,,
5394591,Eelijah,Singleton,WR,Southern Miss Golden Eagles,Sun Belt,,
5394607,Nehemiah,Taylor,WR,Southern Miss Golden Eagles,Sun Belt,,
5277007,La'Keyleon,Graves,WR,Texas State Bobcats,Pac-12,,
5225646,Rico,Bond,WR,Toledo Rockets,MAC,,
5153399,Adjatay,Dabbs,WR,Toledo Rockets,MAC,,
5209951,Seth,Elchert,WR,Toledo Rockets,MAC,,
5298655,Kalvin,Gilbert Jr.,WR,Toledo Rockets,MAC,,
5164730,Autavius,Ison,RB,Toledo Rockets,MAC,,
5300305,Trenton,Jones,WR,Toledo Rockets,MAC,,
5087060,Ethan,Malafa,TE,Toledo Rockets,MAC,,
5092811,CJ,Miller,RB,Toledo Rockets,MAC,,
4882061,Jacob,Newell,TE,Toledo Rockets,MAC,,
5082330,John,Alan Richter,QB,Toledo Rockets,MAC,,
5394415,Khamoni,Robinson,QB,Toledo Rockets,MAC,,
5304415,Tanner,Rubinstein,RB,Toledo Rockets,MAC,,
4712328,Anthony,Simpson,WR,Toledo Rockets,MAC,,
5079699,Corey,Smith,RB,Toledo Rockets,MAC,,
5083458,Peyton,Strickland,TE,Toledo Rockets,MAC,,
5153413,Reice,Griffith,K,Toledo Rockets,MAC,,
5122390,KJ,Daniels,WR,UAB Blazers,AAC,,
5398670,Vili,Haapsalo,TE,UAB Blazers,AAC,,
5278427,Hudson,Higgins,RB,UAB Blazers,AAC,,
5081640,Scott,Isacks,TE,UAB Blazers,AAC,,
5272712,Brogan,Mcnab,WR,UAB Blazers,AAC,,
4897730,Bam,McReynolds,RB,UAB Blazers,AAC,,
5092470,Ty,Mims,WR,UAB Blazers,AAC,,
5393807,Jayson,Moll,RB,UAB Blazers,AAC,,
5393808,JR,Mosley,RB,UAB Blazers,AAC,,
5295450,Sean,Persson,TE,UAB Blazers,AAC,,
5219011,EJ,Reid,WR,UAB Blazers,AAC,,
5393806,Rashad,Robinson,RB,UAB Blazers,AAC,,
4918110,Roderick,Robinson II,RB,UAB Blazers,AAC,,
5157261,Ja'Vin,Simpkins,RB,UAB Blazers,AAC,,
5327675,Jayden,Skelton,WR,UAB Blazers,AAC,,
4711421,CJ,Smith,WR,UAB Blazers,AAC,,
5393815,Braden,Teague,TE,UAB Blazers,AAC,,
5393814,Bradley,Wainwright,WR,UAB Blazers,AAC,,
5394635,Londen,Bickham,RB,UTSA Roadrunners,AAC,,
4683417,Miles,Campbell,TE,UTSA Roadrunners,AAC,,
5151954,Zahn,Coakley,WR,UTSA Roadrunners,AAC,,
5326943,Chris,Dupree,WR,UTSA Roadrunners,AAC,,
5290975,Maguire,Gasperson,QB,UTSA Roadrunners,AAC,,
5334337,Mykha,Green,RB,UTSA Roadrunners,AAC,,
5299898,Prince,Hall,WR,UTSA Roadrunners,AAC,,
5078422,Brandon,High Jr.,RB,UTSA Roadrunners,AAC,,
5326881,Trysten,Laughlin,TE,UTSA Roadrunners,AAC,,
5079571,James,Madison II,WR,UTSA Roadrunners,AAC,,
5394633,Cael,Meisman,WR,UTSA Roadrunners,AAC,,
5394647,Cole,Ramseur,TE,UTSA Roadrunners,AAC,,
5394628,Mekhi,Rice,WR,UTSA Roadrunners,AAC,,
5297102,JC,Solitaire,RB,UTSA Roadrunners,AAC,,
5278402,Oliver,Bender,WR,Washington State Cougars,Pac-12,,
5119307,Daniel,Blood,WR,Washington State Cougars,Pac-12,,
4685297,Darrius,Clemons,WR,Washington State Cougars,Pac-12,,
5155746,Jordan,Dees,WR,Washington State Cougars,Pac-12,,
5394580,Isaiah,Docken,WR,Washington State Cougars,Pac-12,,
5394568,Gavin,Gray,QB,Washington State Cougars,Pac-12,,
5222221,Tank,Hawkins,WR,Washington State Cougars,Pac-12,,
5327442,Tre,Hill Jr.,RB,Washington State Cougars,Pac-12,,
5394578,Ethan,Masteller,WR,Washington State Cougars,Pac-12,,
5394567,Ryan,McKendry,WR,Washington State Cougars,Pac-12,,
5394579,Caleb,Northcroft,WR,Washington State Cougars,Pac-12,,
4685492,Jack,Pedersen,TE,Washington State Cougars,Pac-12,,
5226019,Caden,Pinnick,QB,Washington State Cougars,Pac-12,,
5394566,Jay,Porter,WR,Washington State Cougars,Pac-12,,
5394570,Ryan,Salcedo,RB,Washington State Cougars,Pac-12,,
5323360,CJ,Toney,RB,Washington State Cougars,Pac-12,,
5394569,Jevon,Walker,WR,Washington State Cougars,Pac-12,,
5219843,Miguel,Arenas,K,Washington State Cougars,Pac-12,,
4878394,Ajay,Allen,RB,Western Kentucky Hilltoppers,CUSA,,
5159815,Coleson,Arends,TE,Western Kentucky Hilltoppers,CUSA,,
5300775,Sincere,Baines,RB,Western Kentucky Hilltoppers,CUSA,,
5164039,Jeremiah,Carroll,WR,Western Kentucky Hilltoppers,CUSA,,
5291805,Arlando,Crafton Jr.,TE,Western Kentucky Hilltoppers,CUSA,,
5125726,CC,Ezirim,TE,Western Kentucky Hilltoppers,CUSA,,
4920158,Brock,Glenn,QB,Western Kentucky Hilltoppers,CUSA,,
5291156,Devin,Hamilton,WR,Western Kentucky Hilltoppers,CUSA,,
4920135,Kalib,Hicks,RB,Western Kentucky Hilltoppers,CUSA,,
5151200,Qua'Vez,Humphreys,WR,Western Kentucky Hilltoppers,CUSA,,
5159234,Nigel,Johnson,WR,Western Kentucky Hilltoppers,CUSA,,
5290575,Tre'Von,Mcgory,WR,Western Kentucky Hilltoppers,CUSA,,
5290447,Le'Kamren,Meadows,RB,Western Kentucky Hilltoppers,CUSA,,
5209963,Cam,O'Hara,QB,Western Kentucky Hilltoppers,CUSA,,
5151802,Griffin,Reimer,TE,Western Kentucky Hilltoppers,CUSA,,
4689118,Jyziah,Rockwell,WR,Western Kentucky Hilltoppers,CUSA,,
5290902,Jonathan,Stafford Jr.,WR,Western Kentucky Hilltoppers,CUSA,,
4921322,Zion,Taylor,WR,Western Kentucky Hilltoppers,CUSA,,
5394214,Karl,Campbell,K,Western Kentucky Hilltoppers,CUSA,,
5154386,Michael,Smith,K,Western Kentucky Hilltoppers,CUSA,,
5311782,Angelo,Chapman,WR,Western Michigan Broncos,MAC,,
5394447,Michael,Dersa,TE,Western Michigan Broncos,MAC,,
5257811,Jaxson,Dosh,QB,Western Michigan Broncos,MAC,,
5394436,Kordell,Gouldsby,WR,Western Michigan Broncos,MAC,,
4596437,AJ,Green Jr.,RB,Western Michigan Broncos,MAC,,
5282469,Harper,Hughes,WR,Western Michigan Broncos,MAC,,
5157528,Nate,Levicki,TE,Western Michigan Broncos,MAC,,
5218736,Emazon,Littlejohn,WR,Western Michigan Broncos,MAC,,
5302873,Elijah,Lucas,WR,Western Michigan Broncos,MAC,,
5121636,Adam,Parks,TE,Western Michigan Broncos,MAC,,
5126475,Trey,Petty,QB,Western Michigan Broncos,MAC,,
5291737,Ryan,Rocheleau,TE,Western Michigan Broncos,MAC,,
5394443,Enese,Tonga,TE,Western Michigan Broncos,MAC,,
5276960,Donovan,Triplett,RB,Western Michigan Broncos,MAC,,
5394441,Dieter,Kelly,K,Western Michigan Broncos,MAC,,
5309670,Cade,Spradling,QB,Air Force Falcons,MWC,7,2
5295018,Travis,Wood,RB,Air Force Falcons,MWC,43,3
5388359,Keegan,Sack,WR,Air Force Falcons,MWC,20,2
5323986,Isaac,Thomas,WR,Air Force Falcons,MWC,83,2
5388362,Harris,Vinson,WR,Air Force Falcons,MWC,25,2
5223116,Grant,Wayne,WR,Air Force Falcons,MWC,19,4
5388389,Kole,Tompkins,TE,Air Force Falcons,MWC,88,2
5293704,Harrison,Orr,QB,Army Black Knights,AAC,10,2
5219408,Ethan,Washington,QB,Army Black Knights,AAC,4,2
5293685,Godspower,Nwawuihe,RB,Army Black Knights,AAC,7,2
5150329,Jake,Rendina,RB,Army Black Knights,AAC,33,4
5150326,Carson,Smith,RB,Army Black Knights,AAC,34,4
5293701,Demani,Stewart,RB,Army Black Knights,AAC,36,2
5150328,Brady,Mott,WR,Army Black Knights,AAC,18,4
5082118,Zach,Mundell,WR,Army Black Knights,AAC,1,4
5150373,Tobi,Olawole,WR,Army Black Knights,AAC,11,4
5150368,Kavon,Pointer,WR,Army Black Knights,AAC,89,4
5293706,Jaden,Pydyn,WR,Army Black Knights,AAC,16,2
5293730,Brian,Ray III,WR,Army Black Knights,AAC,82,2
5219405,Aden,Self,WR,Army Black Knights,AAC,2,3
5293709,Mason,Smith,WR,Army Black Knights,AAC,46,2
5150332,Kurt,Thompson,WR,Army Black Knights,AAC,83,4
5150333,Parker,Poloskey,TE,Army Black Knights,AAC,44,4
5219471,Noah,Prior,TE,Army Black Knights,AAC,85,3
5219464,James,Rothstein,TE,Army Black Knights,AAC,87,3
5293739,Joey,Scardina,K,Army Black Knights,AAC,91,2
5272738,Jaylen,White,QB,Charlotte 49ers,AAC,10,1
5089860,Chance,Williams,RB,Charlotte 49ers,AAC,7,4
5075800,Emory,Williams,QB,East Carolina Pirates,AAC,9,4
5293914,Mason,Scott,WR,East Carolina Pirates,AAC,81,3
5122006,Landon,Sides,WR,East Carolina Pirates,AAC,7,4
4869340,Brock,Spalding,WR,East Carolina Pirates,AAC,10,4
5215173,Johnny,Williams,WR,East Carolina Pirates,AAC,17,2
5125012,Ismael,Smith Flores,TE,East Carolina Pirates,AAC,8,4
5226093,Everett,Scott,K,East Carolina Pirates,AAC,93,3
5219854,Almari,Brown,RB,Florida Atlantic Owls,AAC,33,3
5390418,Leonard,Farrow,RB,Florida Atlantic Owls,AAC,5,4
5151490,Germanuel,Tanelus,RB,Florida Atlantic Owls,AAC,34,4
5122155,Brady,Tillman III,RB,Florida Atlantic Owls,AAC,22,4
4683543,RJ,Garcia II,WR,Florida Atlantic Owls,AAC,6,4
4840118,Tucker,Holloway,WR,Florida Atlantic Owls,AAC,3,4
5203852,Nicsaint,Joseph Jr.,WR,Florida Atlantic Owls,AAC,17,1
5144084,Jahmari,Powell-Wonson,WR,Florida Atlantic Owls,AAC,13,3
4920163,Kelby,Valsin,WR,Florida Atlantic Owls,AAC,2,4
5290576,Elijah,West,WR,Florida Atlantic Owls,AAC,16,1
5390417,Antojuan,Woody,WR,Florida Atlantic Owls,AAC,4,4
5151193,Marcus,Vinson,TE,Florida Atlantic Owls,AAC,88,4
5084095,Collin,Rogers,K,Florida Atlantic Owls,AAC,41,4
5178086,Denzel,Gardner,QB,Memphis Tigers,AAC,9,1
5295362,Grant,Troutman,QB,Memphis Tigers,AAC,16,1
5310311,Isaiah,McGill,RB,Memphis Tigers,AAC,30,1
5274373,Eric,Perry,RB,Memphis Tigers,AAC,22,1
5295370,Jamar,Jenkins,WR,Memphis Tigers,AAC,85,1
5290446,Zechariah,Jenkins,WR,Memphis Tigers,AAC,21,1
5382933,Joshua,Joseph,WR,Memphis Tigers,AAC,80,1
5303254,Jaylin,Taylor,WR,Memphis Tigers,AAC,19,1
5282157,Garrett,Essner,TE,Memphis Tigers,AAC,87,1
5215626,Jonathan,Harding,TE,Memphis Tigers,AAC,86,1
5276956,Marshall,Smith Jr.,TE,Memphis Tigers,AAC,81,1
5220491,Aydin,Woolfolk,RB,Navy Midshipmen,AAC,44,3
5220476,Charles,Robinson,WR,Navy Midshipmen,AAC,23,3
5295373,Santino,Sanchez,WR,Navy Midshipmen,AAC,21,2
5158348,Casey,Smith,WR,Navy Midshipmen,AAC,81,4
5222710,Landon,Walker,WR,Navy Midshipmen,AAC,33,2
5295432,Justin,Welch,K,Navy Midshipmen,AAC,95,2
5244732,Ziondre,Williams,QB,North Texas Mean Green,AAC,10,1
4911971,Jahiem,White,RB,North Texas Mean Green,AAC,1,4
5306637,Zachary,Yang,WR,North Texas Mean Green,AAC,86,2
4871093,Preston,Zinter,TE,Rice Owls,AAC,9,3
5079620,Michael,Van Buren Jr.,QB,South Florida Bulls,AAC,3,3
4685601,Armani,Winfield,WR,South Florida Bulls,AAC,9,4
5296362,De'Carlos,Young,RB,Temple Owls,AAC,21,2
5221235,Kenedy,Uzoma,WR,Temple Owls,AAC,83,2
5290513,Hunter,Watson,WR,Temple Owls,AAC,80,1
5227760,David,Wise,TE,Temple Owls,AAC,40,3
5152664,Darren,Wu,K,Temple Owls,AAC,32,4
5389036,Holt,Teichman,QB,Tulane Green Wave,AAC,23,1
4837391,Maurice,Turner,RB,Tulane Green Wave,AAC,0,4
5389038,Jordan,West,RB,Tulane Green Wave,AAC,32,3
5157059,Kellen,Tasby,WR,Tulane Green Wave,AAC,10,2
4432774,Ty,Thompson,TE,Tulane Green Wave,AAC,13,4
4565355,Dexter,Williams II,QB,Tulsa Golden Hurricane,AAC,5,4
5157287,David,Wells Jr.,WR,Tulsa Golden Hurricane,AAC,1,3
5278427,Hudson,Higgins,RB,UAB Blazers,AAC,21,1
4897730,Bam,McReynolds,RB,UAB Blazers,AAC,3,4
5393807,Jayson,Moll,RB,UAB Blazers,AAC,26,1
5393806,Rashad,Robinson,RB,UAB Blazers,AAC,20,1
4918110,Roderick,Robinson II,RB,UAB Blazers,AAC,2,3
5157261,Ja'Vin,Simpkins,RB,UAB Blazers,AAC,7,3
5092470,Ty,Mims,WR,UAB Blazers,AAC,0,4
5081640,Scott,Isacks,TE,UAB Blazers,AAC,44,4
5295450,Sean,Persson,TE,UAB Blazers,AAC,87,2
5393815,Braden,Teague,TE,UAB Blazers,AAC,88,1
5393814,Bradley,Wainwright,WR,UAB Blazers,AAC,81,1
5296013,Mark,Wiepert,QB,UTSA Roadrunners,AAC,18,1
5394635,Londen,Bickham,RB,UTSA Roadrunners,AAC,37,1
5334337,Mykha,Green,RB,UTSA Roadrunners,AAC,23,1
5078422,Brandon,High Jr.,RB,UTSA Roadrunners,AAC,10,3
5151954,Zahn,Coakley,WR,UTSA Roadrunners,AAC,87,3
5326943,Chris,Dupree,WR,UTSA Roadrunners,AAC,29,1
5299898,Prince,Hall,WR,UTSA Roadrunners,AAC,82,1
5079571,James,Madison II,WR,UTSA Roadrunners,AAC,17,2
5394633,Cael,Meisman,WR,UTSA Roadrunners,AAC,33,3
5394628,Mekhi,Rice,WR,UTSA Roadrunners,AAC,24,4
4916987,TJ,West,WR,UTSA Roadrunners,AAC,19,3
5084802,AJ,Wilson Jr.,WR,UTSA Roadrunners,AAC,84,4
4683417,Miles,Campbell,TE,UTSA Roadrunners,AAC,81,4
5326881,Trysten,Laughlin,TE,UTSA Roadrunners,AAC,88,1
5394647,Cole,Ramseur,TE,UTSA Roadrunners,AAC,59,4
5394648,Will,Traylor,TE,UTSA Roadrunners,AAC,83,1
5146987,Brandon,Young Jr.,TE,UTSA Roadrunners,AAC,89,3
5224764,Sean,Wilson,WR,Delaware Blue Hens,CUSA,18,3
5295765,Josh,Humes,TE,Delaware Blue Hens,CUSA,12,4
5224785,Jackson,Whitacre,TE,Delaware Blue Hens,CUSA,85,3
5176911,Justus,Savage,RB,Jacksonville State Gamecocks,CUSA,21,2
5382828,Landon,Watkins,RB,Jacksonville State Gamecocks,CUSA,28,1
5194327,Wyatt,Sonderman,WR,Jacksonville State Gamecocks,CUSA,9,1
5203599,Blake,Wallace,WR,Jacksonville State Gamecocks,CUSA,14,1
5194328,AJ,Watkins,WR,Jacksonville State Gamecocks,CUSA,10,2
5296099,Cianan,Williams,WR,Jacksonville State Gamecocks,CUSA,80,4
5087930,Jamill,Williams,WR,Jacksonville State Gamecocks,CUSA,17,4
5265499,Jameson,Scissum,TE,Jacksonville State Gamecocks,CUSA,44,1
5327020,Andrevius,Smith,TE,Jacksonville State Gamecocks,CUSA,87,1
5327553,Cam,Wood,RB,Liberty Flames,CUSA,23,1
5091845,Zeke,Wimbush,TE,Liberty Flames,CUSA,88,3
5281464,Rocco,Williams,QB,Middle Tennessee Blue Raiders,CUSA,15,1
5084468,Hogan,Wasson,WR,Middle Tennessee Blue Raiders,CUSA,7,4
5383061,Jack,Walton,K,Middle Tennessee Blue Raiders,CUSA,94,1
5078006,Iverson,Young,RB,Missouri State Bears,CUSA,3,3
5383068,Cash,Pomeroy,TE,Missouri State Bears,CUSA,46,1
5220803,Izeyah,Wright,WR,New Mexico State Aggies,CUSA,80,2
5146673,Christian,Zachary,WR,Sam Houston Bearkats,CUSA,17,3
5220428,Trey,Taylor,RB,Sam Houston Bearkats,CUSA,41,3
4920158,Brock,Glenn,QB,Western Kentucky Hilltoppers,CUSA,11,3
5209963,Cam,O'Hara,QB,Western Kentucky Hilltoppers,CUSA,15,1
5300775,Sincere,Baines,RB,Western Kentucky Hilltoppers,CUSA,23,4
4920135,Kalib,Hicks,RB,Western Kentucky Hilltoppers,CUSA,9,3
5290447,Le'Kamren,Meadows,RB,Western Kentucky Hilltoppers,CUSA,22,1
5164039,Jeremiah,Carroll,WR,Western Kentucky Hilltoppers,CUSA,84,4
5291156,Devin,Hamilton,WR,Western Kentucky Hilltoppers,CUSA,18,1
5151200,Qua'Vez,Humphreys,WR,Western Kentucky Hilltoppers,CUSA,7,4
5159234,Nigel,Johnson,WR,Western Kentucky Hilltoppers,CUSA,21,4
5290575,Tre'Von,Mcgory,WR,Western Kentucky Hilltoppers,CUSA,82,1
4689118,Jyziah,Rockwell,WR,Western Kentucky Hilltoppers,CUSA,13,4
5290902,Jonathan,Stafford Jr.,WR,Western Kentucky Hilltoppers,CUSA,80,1
4921322,Zion,Taylor,WR,Western Kentucky Hilltoppers,CUSA,17,3
5159815,Coleson,Arends,TE,Western Kentucky Hilltoppers,CUSA,87,3
5291805,Arlando,Crafton Jr.,TE,Western Kentucky Hilltoppers,CUSA,81,1
5151802,Griffin,Reimer,TE,Western Kentucky Hilltoppers,CUSA,44,2
5278121,Eli,Wilt,TE,Western Kentucky Hilltoppers,CUSA,86,1
5154386,Michael,Smith,K,Western Kentucky Hilltoppers,CUSA,33,2
5394209,Daniel,Wall,P,Western Kentucky Hilltoppers,CUSA,35,1
4875866,Reese,Poffenbarger,QB,Akron Zips,MAC,7,4
5193102,Miles,Burris,WR,Akron Zips,MAC,4,3
5295925,Titus,Myers,WR,Akron Zips,MAC,5,3
5119873,Wyatt,Hook,TE,Akron Zips,MAC,84,2
5296250,Aidan,Stire,K,Akron Zips,MAC,37,1
5296285,Kaelan,Adams,WR,Ball State Cardinals,MAC,11,2
5193324,Elijah,Jackson,WR,Ball State Cardinals,MAC,5,3
5296282,Luke,Mote,WR,Ball State Cardinals,MAC,80,2
5296281,Tanner,Koziol,TE,Ball State Cardinals,MAC,84,2
5153245,Carson,Bodey,K,Ball State Cardinals,MAC,97,4
5296363,Dequan,Finn,RB,Bowling Green Falcons,MAC,23,2
5157510,Marcus,Bailey,WR,Bowling Green Falcons,MAC,14,3
5296366,Jaylen,Harmon,WR,Bowling Green Falcons,MAC,5,2
5157508,Latrell,Neville,WR,Bowling Green Falcons,MAC,3,3
5296368,Jaylen,Wicks,WR,Bowling Green Falcons,MAC,80,2
5157516,Jared,Mosley,TE,Bowling Green Falcons,MAC,88,3
5296379,Tyler,Pettijohn,K,Bowling Green Falcons,MAC,93,2
5296420,Cole,Snyder,QB,Buffalo Bulls,MAC,14,2
5157686,Donovan,Eaglin,RB,Buffalo Bulls,MAC,22,3
5296425,Jaylen,Hunter,RB,Buffalo Bulls,MAC,25,2
5157694,Quamir,Robinson,WR,Buffalo Bulls,MAC,4,3
5296428,Keyshawn,Smith,WR,Buffalo Bulls,MAC,11,2
5157693,Davion,Dozier,TE,Buffalo Bulls,MAC,84,3
5296435,Tyler,Anzalone,K,Buffalo Bulls,MAC,97,2
5157820,Bert,Emanuel Jr.,WR,Central Michigan Chippewas,MAC,1,3
5296508,Jaylen,Marshall,WR,Central Michigan Chippewas,MAC,11,2
5157824,Marcus,Washington,WR,Central Michigan Chippewas,MAC,80,3
5296511,Tyler,Devereaux,TE,Central Michigan Chippewas,MAC,86,2
5157830,Caleb,Doehring,TE,Central Michigan Chippewas,MAC,84,3
5296554,Trenton,Thelen,QB,Eastern Michigan Eagles,MAC,12,2
5157964,Darius,Jamison,WR,Eastern Michigan Eagles,MAC,4,3
5296558,Jaylen,Reed,WR,Eastern Michigan Eagles,MAC,11,2
5157967,Marcus,Williams,WR,Eastern Michigan Eagles,MAC,80,3
5296561,Tyler,Morrison,TE,Eastern Michigan Eagles,MAC,84,2
5157972,Caleb,Harper,K,Eastern Michigan Eagles,MAC,97,3
5158072,Kavion,Henderson,QB,Kent State Golden Flashes,MAC,3,3
5296622,Malachi,Hosley,RB,Kent State Golden Flashes,MAC,22,2
5158078,Jalen,McSpadden,WR,Kent State Golden Flashes,MAC,11,3
5296626,Tyrese,Garrett,WR,Kent State Golden Flashes,MAC,4,2
5158081,Marcus,Fleming,TE,Kent State Golden Flashes,MAC,84,3
5296630,Tyler,Watts,K,Kent State Golden Flashes,MAC,97,2
5388331,Curtis,Kimmons IV,RB,Massachusetts Minutemen,MAC,14,4
4869341,Ike,Steward,RB,Miami (OH) RedHawks,MAC,25,1
5079772,Ian,Tepas,WR,Miami (OH) RedHawks,MAC,23,1
5079306,Damarion,Witten,WR,Miami (OH) RedHawks,MAC,8,3
5244755,Levi,Davis,QB,Ohio Bobcats,MAC,7,1
5171031,Matt,Vezza,QB,Ohio Bobcats,MAC,9,3
4873234,Victor,Rosa,RB,Ohio Bobcats,MAC,4,4
5211691,Preston,Bowman,WR,Ohio Bobcats,MAC,2,1
5085129,Ian,Ver Steeg,WR,Ohio Bobcats,MAC,10,4
5221306,Jake,Furtney,TE,Ohio Bobcats,MAC,33,2
5031158,Andrew,Metzger,TE,Ohio Bobcats,MAC,86,2
5394411,Calvin,Moody,TE,Ohio Bobcats,MAC,88,1
5394410,Riley,Palmeter,TE,Ohio Bobcats,MAC,85,4
4920192,Carson,Conklin,QB,Sacramento State Hornets,MAC,17,3
5401462,Liam,Meeker,QB,Sacramento State Hornets,MAC,18,1
5148654,Jaylen,Patterson,QB,Sacramento State Hornets,MAC,11,1
5401458,Brian,Salazar,QB,Sacramento State Hornets,MAC,6,2
5158748,Jackson,Sharman,QB,Sacramento State Hornets,MAC,8,3
5401463,Bryant,Collins,RB,Sacramento State Hornets,MAC,20,3
5161820,Isaiah,Ene,RB,Sacramento State Hornets,MAC,22,1
5229947,Davion,Godley,RB,Sacramento State Hornets,MAC,25,3
5401466,Montrell,Rice,RB,Sacramento State Hornets,MAC,34,1
5401478,Matthew,Auau,WR,Sacramento State Hornets,MAC,81,1
5158759,Raiden,Brown,WR,Sacramento State Hornets,MAC,5,2
5082587,Matt,Coleman,WR,Sacramento State Hornets,MAC,2,4
5077407,Khai,Taylor,WR,Sacramento State Hornets,MAC,7,3
5080786,Cedric,Anton,TE,Sacramento State Hornets,MAC,88,3
5401480,Jack,Hodge,TE,Sacramento State Hornets,MAC,86,1
5225846,Kyle,Koontz,TE,Sacramento State Hornets,MAC,82,2
5401479,Jahlil,Lindsey,TE,Sacramento State Hornets,MAC,84,1
5401481,Luke,Meeker,TE,Sacramento State Hornets,MAC,87,1
5401460,Saul,Marks,K,Sacramento State Hornets,MAC,9,1
5394415,Khamoni,Robinson,QB,Toledo Rockets,MAC,7,3
5164730,Autavius,Ison,RB,Toledo Rockets,MAC,4,3
5092811,CJ,Miller,RB,Toledo Rockets,MAC,22,3
5079699,Corey,Smith,RB,Toledo Rockets,MAC,20,2
5304415,Tanner,Rubinstein,RB,Toledo Rockets,MAC,29,4
5225646,Rico,Bond,WR,Toledo Rockets,MAC,1,2
5153399,Adjatay,Dabbs,WR,Toledo Rockets,MAC,3,3
5298655,Kalvin,Gilbert Jr.,WR,Toledo Rockets,MAC,9,3
5300305,Trenton,Jones,WR,Toledo Rockets,MAC,2,1
4712328,Anthony,Simpson,WR,Toledo Rockets,MAC,85,4
5212630,Tucker,Kelleher,TE,Toledo Rockets,MAC,87,2
5087060,Ethan,Malafa,TE,Toledo Rockets,MAC,81,4
5083458,Peyton,Strickland,TE,Toledo Rockets,MAC,80,4
5257811,Jaxson,Dosh,QB,Western Michigan Broncos,MAC,16,1
5126475,Trey,Petty,QB,Western Michigan Broncos,MAC,10,2
4596437,AJ,Green Jr.,RB,Western Michigan Broncos,MAC,0,4
5276960,Donovan,Triplett,RB,Western Michigan Broncos,MAC,22,1
5311782,Angelo,Chapman,WR,Western Michigan Broncos,MAC,19,1
5394436,Kordell,Gouldsby,WR,Western Michigan Broncos,MAC,5,3
5282469,Harper,Hughes,WR,Western Michigan Broncos,MAC,80,1
5302873,Elijah,Lucas,WR,Western Michigan Broncos,MAC,17,1
5394447,Michael,Dersa,TE,Western Michigan Broncos,MAC,81,1
5157528,Nate,Levicki,TE,Western Michigan Broncos,MAC,88,4
5121636,Adam,Parks,TE,Western Michigan Broncos,MAC,15,3
5291737,Ryan,Rocheleau,TE,Western Michigan Broncos,MAC,86,1
5394443,Enese,Tonga,TE,Western Michigan Broncos,MAC,35,2
4954514,Brennan,Wooten,TE,Western Michigan Broncos,MAC,89,4
5394441,Dieter,Kelly,K,Western Michigan Broncos,MAC,32,3
5293876,Zak,Zeman,K,Western Michigan Broncos,MAC,33,1
5218881,Tama,Uiliata,WR,Hawai'i Rainbow Warriors,MWC,8,2
5299904,Hudson,Borsari,K,Hawai'i Rainbow Warriors,MWC,16,1
4833591,Ky,Woods,RB,Nevada Wolf Pack,MWC,25,4
5271114,Jerod,Terry Jr.,RB,New Mexico Lobos,MWC,24,1
4697132,Abraham,Williams,WR,New Mexico Lobos,MWC,87,4
5084027,Miles,Williams,WR,New Mexico Lobos,MWC,0,4
5092281,Evan,Wysong,WR,New Mexico Lobos,MWC,18,4
5150694,Tripp,Walsh,TE,New Mexico Lobos,MWC,7,4
5388851,Enrique,Zatarain,TE,New Mexico Lobos,MWC,89,1
5282573,Braylon,Toliver,RB,North Dakota State Bison,MWC,8,1
5157011,Brady,Wavrunek,RB,North Dakota State Bison,MWC,26,3
5388952,Gatlin,Empey,RB,North Dakota State Bison,MWC,45,1
5297959,Dylan,Vokal,WR,North Dakota State Bison,MWC,86,1
5157003,Kelly,Watson,WR,North Dakota State Bison,MWC,30,3
5228002,Jackson,Williams,WR,North Dakota State Bison,MWC,18,3
5388954,Caden,Ward,TE,North Dakota State Bison,MWC,46,1
5228027,Jett,Zabel,TE,North Dakota State Bison,MWC,85,2
5087167,Kaden,Zenzen,TE,North Dakota State Bison,MWC,40,4
5219931,Romelo,Ware,RB,Northern Illinois Huskies,MWC,11,2
5214939,Triston,White,RB,Northern Illinois Huskies,MWC,8,1
5083748,Cam,Thompson,WR,Northern Illinois Huskies,MWC,7,4
5087039,Ryan,Short,K,Northern Illinois Huskies,MWC,39,4
5388989,Hudson,Wyatt,QB,San José State Spartans,MWC,14,3
5388991,Aaron,Cox Jr.,RB,San José State Spartans,MWC,28,1
5141714,Kamran,Williams,RB,UNLV Rebels,MWC,23,1
4702755,Amorion,Walker,WR,UNLV Rebels,MWC,17,4
5161009,Peyton,Zachary,WR,UNLV Rebels,MWC,82,1
5290688,Aveon,Williams,TE,UNLV Rebels,MWC,41,1
5155186,Ramon,Villela,K,UNLV Rebels,MWC,32,3
5216699,Chad,Warner,QB,UTEP Miners,MWC,10,1
5327568,Bodey,Weaver,QB,UTEP Miners,MWC,9,1
5327567,JD,Wallace,WR,UTEP Miners,MWC,86,1
5163382,Nikos,Varelas,RB,Wyoming Cowboys,MWC,28,3
5258137,Ke'Lyn,Washom,WR,Wyoming Cowboys,MWC,4,1
5193325,Jake,Wilson,TE,Wyoming Cowboys,MWC,89,2
5252200,Qumonte,Williams Jr.,WR,Boise State Broncos,Pac-12,83,2
4832824,Austin,Terry,TE,Boise State Broncos,Pac-12,86,4
5080888,Matt,Wagner,TE,Boise State Broncos,Pac-12,88,3
5095078,Mel,Brown,RB,Colorado State Rams,Pac-12,,4
4899418,Juice,Vereen,TE,Colorado State Rams,Pac-12,5,3
5225383,Tariq,Thomas,RB,Fresno State Bulldogs,Pac-12,27,3
5282032,Maxwell,Young,WR,Fresno State Bulldogs,Pac-12,26,1
5295214,Ryan,Lewis,TE,Fresno State Bulldogs,Pac-12,32,1
5219275,Connor,Tripp,K,Fresno State Bulldogs,Pac-12,45,2
3933587,Manaki,Watanabe,K,Fresno State Bulldogs,Pac-12,38,2
5327264,Isaiah,Arriaza,QB,Oregon State Beavers,Pac-12,19,1
5212654,Braden,Atkinson,QB,Oregon State Beavers,Pac-12,2,2
5393657,Danny,Leary,QB,Oregon State Beavers,Pac-12,13,1
5393662,Rocco,De La Rosa,RB,Oregon State Beavers,Pac-12,27,1
5325545,Tre,Garrison,RB,Oregon State Beavers,Pac-12,22,1
4917981,AJ,Newberry,RB,Oregon State Beavers,Pac-12,23,4
5079357,Aaron,Butler,WR,Oregon State Beavers,Pac-12,0,2
5293573,Aeryn,Hampton,WR,Oregon State Beavers,Pac-12,7,2
5393660,MJ,Kennybrew,WR,Oregon State Beavers,Pac-12,21,1
5289510,Jesse,Legree,WR,Oregon State Beavers,Pac-12,12,1
5300309,Adonis,McDaniel,WR,Oregon State Beavers,Pac-12,1,4
5160400,Ross,Nickson,WR,Oregon State Beavers,Pac-12,88,3
5161892,Xavyion,Noland,WR,Oregon State Beavers,Pac-12,4,3
5327660,Jayden,Padgett,WR,Oregon State Beavers,Pac-12,18,1
5209415,Jameson,Powell,WR,Oregon State Beavers,Pac-12,15,1
5160504,Cynai,Thomas,WR,Oregon State Beavers,Pac-12,16,1
5325698,Landon,Cook,TE,Oregon State Beavers,Pac-12,81,1
5088952,Eric,Olsen,TE,Oregon State Beavers,Pac-12,80,4
4869821,DeCorion,Temple,TE,Oregon State Beavers,Pac-12,8,4
5161639,Jadyn,Oh,K,Oregon State Beavers,Pac-12,98,4
5302791,Brady,Campbell,QB,San Diego State Aztecs,Pac-12,14,1
5141664,Stone,Saunders,QB,San Diego State Aztecs,Pac-12,12,1
5245054,Josiah,Lucas,RB,San Diego State Aztecs,Pac-12,23,1
5291802,Carson,Diehl,WR,San Diego State Aztecs,Pac-12,86,1
5157430,Aldrich,Doe,WR,San Diego State Aztecs,Pac-12,30,3
5219123,Luke,Gayton,WR,San Diego State Aztecs,Pac-12,92,2
5219505,Ayo,Shotomide-King,WR,San Diego State Aztecs,Pac-12,93,3
5280600,Derek,Stevenson,WR,San Diego State Aztecs,Pac-12,84,1
5291922,Jack,Ellis,TE,San Diego State Aztecs,Pac-12,87,1
5394483,Kime,Fangupo,TE,San Diego State Aztecs,Pac-12,47,2
5302898,Elijah,Muliufi,TE,San Diego State Aztecs,Pac-12,99,1
5309724,Cooper,DiLeva,K,San Diego State Aztecs,Pac-12,96,4
5394484,Lane,Garner,K,San Diego State Aztecs,Pac-12,38,3
5291023,Easton,Webb,QB,Texas State Bobcats,Pac-12,6,1
5295886,Kris,Willis Jr.,WR,Texas State Bobcats,Pac-12,87,2
5220921,Jordan,Williams,TE,Texas State Bobcats,Pac-12,89,2
5394568,Gavin,Gray,QB,Washington State Cougars,Pac-12,16,1
5226019,Caden,Pinnick,QB,Washington State Cougars,Pac-12,12,2
5327442,Tre,Hill Jr.,RB,Washington State Cougars,Pac-12,22,1
5394570,Ryan,Salcedo,RB,Washington State Cougars,Pac-12,24,1
5323360,CJ,Toney,RB,Washington State Cougars,Pac-12,21,1
5278402,Oliver,Bender,WR,Washington State Cougars,Pac-12,82,1
5119307,Daniel,Blood,WR,Washington State Cougars,Pac-12,1,4
5155746,Jordan,Dees,WR,Washington State Cougars,Pac-12,88,2
5394580,Isaiah,Docken,WR,Washington State Cougars,Pac-12,89,1
5394578,Ethan,Masteller,WR,Washington State Cougars,Pac-12,83,1
5394567,Ryan,McKendry,WR,Washington State Cougars,Pac-12,13,2
5394579,Caleb,Northcroft,WR,Washington State Cougars,Pac-12,84,3
5394566,Jay,Porter,WR,Washington State Cougars,Pac-12,6,3
5394569,Jevon,Walker,WR,Washington State Cougars,Pac-12,18,3
4685492,Jack,Pedersen,TE,Washington State Cougars,Pac-12,28,4
5219843,Miguel,Arenas,K,Washington State Cougars,Pac-12,46,2
5278135,Bronzden,Chaffin,QB,App State Mountaineers,Sun Belt,15,1
5146664,Henry,Hasselbeck,QB,App State Mountaineers,Sun Belt,8,3
4871065,Treyaun,Webb,RB,App State Mountaineers,Sun Belt,39,4
5268747,Kamauri,Austin,WR,App State Mountaineers,Sun Belt,18,1
5397628,Zalin,Ingram,WR,App State Mountaineers,Sun Belt,82,3
5092352,Chris,Lofton,WR,App State Mountaineers,Sun Belt,6,4
5397629,Ryan,Morrison,WR,App State Mountaineers,Sun Belt,84,3
5300543,Sam,Pickett III,WR,App State Mountaineers,Sun Belt,0,2
5218698,Zach,Taylor,WR,App State Mountaineers,Sun Belt,89,3
5290180,Gavin,Barber,TE,App State Mountaineers,Sun Belt,45,1
5218246,Luke,Douglas,TE,App State Mountaineers,Sun Belt,85,3
5290940,Brice,Williamson,TE,App State Mountaineers,Sun Belt,86,1
5333123,Andrew,Cummings,K,App State Mountaineers,Sun Belt,36,1
5166106,James,London,K,App State Mountaineers,Sun Belt,83,4
5379732,Chavel,Williams,RB,Arkansas State Red Wolves,Sun Belt,28,1
5125839,Clune,Van Andel,K,Arkansas State Red Wolves,Sun Belt,34,4
5220637,Trey,Townsend,QB,Georgia Southern Eagles,Sun Belt,17,3
5155780,Taeo,Todd,RB,Georgia Southern Eagles,Sun Belt,35,3
5390044,Tyrese,Woodgett,RB,Georgia Southern Eagles,Sun Belt,27,2
5390046,CJ,Dockery,WR,Georgia Southern Eagles,Sun Belt,42,1
5303239,Zay,Hilliard,WR,Georgia Southern Eagles,Sun Belt,21,1
5303242,Jarvis,Mathurin,WR,Georgia Southern Eagles,Sun Belt,22,1
5079736,Alex,Taylor,WR,Georgia Southern Eagles,Sun Belt,88,3
5223093,Jeremiah,Ware,WR,Georgia Southern Eagles,Sun Belt,81,2
5149004,Kyle,Washington,WR,Georgia State Panthers,Sun Belt,4,2
5308878,Zach,Stair,WR,Georgia State Panthers,Sun Belt,82,1
5153036,Dylan,Williams,WR,James Madison Dukes,Sun Belt,88,2
5078227,Braeden,Wisloski,WR,James Madison Dukes,Sun Belt,10,4
5390285,Thomas,Guillemette,TE,James Madison Dukes,Sun Belt,89,1
5227231,KD,Mosley,TE,James Madison Dukes,Sun Belt,13,3
5258486,Baylen,Woodman,K,James Madison Dukes,Sun Belt,95,2
5394417,Alex,Munoz,QB,Louisiana Ragin' Cajuns,Sun Belt,13,1
4871091,Lunch,Winfield,QB,Louisiana Ragin' Cajuns,Sun Belt,7,3
5394419,Owen,Morris,RB,Louisiana Ragin' Cajuns,Sun Belt,29,1
5227209,Anthony,Reagan Jr.,RB,Louisiana Ragin' Cajuns,Sun Belt,22,3
5200377,Ke'Rynn,Smith,RB,Louisiana Ragin' Cajuns,Sun Belt,21,1
5290570,Kristion,Brooks,WR,Louisiana Ragin' Cajuns,Sun Belt,87,1
5394425,Jayden,Lewis,WR,Louisiana Ragin' Cajuns,Sun Belt,80,1
5197074,Ja'Corian,Norris,WR,Louisiana Ragin' Cajuns,Sun Belt,15,2
5303241,Jerry,Birdlow,TE,Louisiana Ragin' Cajuns,Sun Belt,86,1
5220339,Mason,Welch,QB,Louisiana Tech Bulldogs,Sun Belt,19,3
5265463,Luke,Watkins,WR,Louisiana Tech Bulldogs,Sun Belt,15,2
4431484,Jay,Wilkerson,WR,Louisiana Tech Bulldogs,Sun Belt,47,4
5329822,Dylan,Barber,QB,Marshall Thundering Herd,Sun Belt,17,1
5158251,Khalil,Wilkins,QB,Marshall Thundering Herd,Sun Belt,4,2
5300926,TJ,Lester,RB,Marshall Thundering Herd,Sun Belt,21,2
5320928,Aiden,Burke,WR,Marshall Thundering Herd,Sun Belt,24,1
5292277,Brennan,Chambers,WR,Marshall Thundering Herd,Sun Belt,13,1
4899472,Chris,Culliver,WR,Marshall Thundering Herd,Sun Belt,3,3
4870739,Christian,Hamilton,WR,Marshall Thundering Herd,Sun Belt,9,3
5147685,Josiah,McLaurin,WR,Marshall Thundering Herd,Sun Belt,15,2
5225343,Owen,Sweeney,WR,Marshall Thundering Herd,Sun Belt,20,2
5295955,Nico,Weidmann,WR,Marshall Thundering Herd,Sun Belt,84,2
5394556,Landen,Abernathy,QB,Old Dominion Monarchs,Sun Belt,18,1
5283062,Brooklyn,Nace,QB,Old Dominion Monarchs,Sun Belt,9,1
5294446,Trey,Hall,RB,Old Dominion Monarchs,Sun Belt,6,4
5303260,CJ,Jackson III,RB,Old Dominion Monarchs,Sun Belt,20,1
5394557,Ja'Varien,Salter,RB,Old Dominion Monarchs,Sun Belt,26,3
5078003,Zion,Agnew,WR,Old Dominion Monarchs,Sun Belt,0,3
5210044,BJ,Bedgood,WR,Old Dominion Monarchs,Sun Belt,12,1
5308211,Steven,Bengu,WR,Old Dominion Monarchs,Sun Belt,21,1
5291747,Zialis,Blackmon,WR,Old Dominion Monarchs,Sun Belt,14,1
5327542,Brayden,Myovela,WR,Old Dominion Monarchs,Sun Belt,19,1
4832875,Leon,Haughton Jr.,TE,Old Dominion Monarchs,Sun Belt,86,4
5078274,Lonnie,Johnson,TE,Old Dominion Monarchs,Sun Belt,13,2
5310763,Taysean,Jones,TE,Old Dominion Monarchs,Sun Belt,84,1
5218910,Andrew,Nelms,K,Old Dominion Monarchs,Sun Belt,99,2
5297797,Mikhail,Iakovlev,P,Old Dominion Monarchs,Sun Belt,97,2
5294516,Jerry,Horne,QB,South Alabama Jaguars,Sun Belt,18,2
5289802,Taylor,Jacobs Jr,QB,South Alabama Jaguars,Sun Belt,15,1
5290347,Aaden,Shamburger,QB,South Alabama Jaguars,Sun Belt,16,1
5279202,Lavonte,Cole,RB,South Alabama Jaguars,Sun Belt,20,1
5395310,Donovan,Crow,RB,South Alabama Jaguars,Sun Belt,26,1
5215189,Anthony,Jeffery,RB,South Alabama Jaguars,Sun Belt,17,2
5395323,Brian,Barnes,WR,South Alabama Jaguars,Sun Belt,85,3
5168613,Miguel,Camboia,WR,South Alabama Jaguars,Sun Belt,81,4
5274378,Khatori,Marion,WR,South Alabama Jaguars,Sun Belt,10,1
5274281,Jarvis,Washington Jr,WR,South Alabama Jaguars,Sun Belt,13,1
5395311,JJ,Williams,WR,South Alabama Jaguars,Sun Belt,28,1
5151609,Everett,Hunter,TE,South Alabama Jaguars,Sun Belt,83,4
5274293,Julius,Mathis,TE,South Alabama Jaguars,Sun Belt,82,1
5395313,Cam,McFarlin,TE,South Alabama Jaguars,Sun Belt,34,3
5395324,Jordan,Morris,TE,South Alabama Jaguars,Sun Belt,87,4
5395327,Christopher,Aikman,K,South Alabama Jaguars,Sun Belt,98,1
5395326,Max,Roth,K,South Alabama Jaguars,Sun Belt,97,3
4618083,Ethan,Hampton,QB,Southern Miss Golden Eagles,Sun Belt,5,4
5394597,Maddox,McCrory,QB,Southern Miss Golden Eagles,Sun Belt,16,1
5159059,Hugh,Price,QB,Southern Miss Golden Eagles,Sun Belt,15,1
5394601,John,Ford,RB,Southern Miss Golden Eagles,Sun Belt,27,1
5125171,Jaylen,Foster,RB,Southern Miss Golden Eagles,Sun Belt,22,3
5086379,Brandon,Hood,RB,Southern Miss Golden Eagles,Sun Belt,26,2
5394596,Steven,Robinson,RB,Southern Miss Golden Eagles,Sun Belt,14,3
5394618,King David,Aboya,WR,Southern Miss Golden Eagles,Sun Belt,80,1
5394595,Jaylen,Himes,WR,Southern Miss Golden Eagles,Sun Belt,9,2
5151526,MJ,Johnson,WR,Southern Miss Golden Eagles,Sun Belt,3,3
5153318,AJ,Little,WR,Southern Miss Golden Eagles,Sun Belt,8,3
5218891,Mario,Sanders,WR,Southern Miss Golden Eagles,Sun Belt,1,4
4685510,Kaden,Saunders,WR,Southern Miss Golden Eagles,Sun Belt,7,3
5394591,Eelijah,Singleton,WR,Southern Miss Golden Eagles,Sun Belt,0,3
5394607,Nehemiah,Taylor,WR,Southern Miss Golden Eagles,Sun Belt,38,2
5293671,Jeremiah,Beck Jr.,TE,Southern Miss Golden Eagles,Sun Belt,88,3
5394620,Drew,Bilderback,TE,Southern Miss Golden Eagles,Sun Belt,89,1
5161233,Preston,Kilgore,TE,Southern Miss Golden Eagles,Sun Belt,81,3
5225456,Javery,Mayberry,TE,Southern Miss Golden Eagles,Sun Belt,85,2
5274304,Broderick,Peters,TE,Southern Miss Golden Eagles,Sun Belt,84,1
5388769,Dylan,Denson,WR,Troy Trojans,Sun Belt,82,1
5388759,Hayden,Jackson,WR,Troy Trojans,Sun Belt,12,4
5388762,Howard,Kinchen,WR,Troy Trojans,Sun Belt,18,4
5388770,Jayvin,Bennett,TE,Troy Trojans,Sun Belt,86,2
5388763,Nick,Hampton,TE,Troy Trojans,Sun Belt,19,1
5102980,Jacorey,Whitted,TE,Troy Trojans,Sun Belt,89,3
5122106,Jackson,Worley,TE,Troy Trojans,Sun Belt,88,4
5388765,Bryce,Burgess,RB,Troy Trojans,Sun Belt,22,3
5388754,Gavin,Griffin,RB,Troy Trojans,Sun Belt,0,3
